GEOID,RPL_EBM
17001010500,0.2879
17009970400,0.2233
17011965500,0.3796
17031825302,0.8208
17031827804,0.8837
17031828701,0.8406
17031825400,0.8388
17031827100,0.8223
17031827200,0.8452
17031829301,0.46
17031830100,0.5769
17031830400,0.4023
17031833000,0.9114
17031833300,0.8934
17031834600,0.8202
17031838600,0.7868
17031839500,0.8618
17031840300,0.9215
17031842800,0.9638
17033880400,0.6761
17033880600,0.2221
17043840101,0.9658
17043840705,0.8801
17043841314,0.8231
17043841320,0.3975
17043841404,0.2557
17043841604,0.7591
17043842100,0.3576
17043843601,0.5078
17043844305,0.6382
17043845510,0.3271
17043845701,0.6409
17043845808,0.8786
17097864901,0.5883
17099961900,0.4691
17099963900,0.6091
17103000100,0.7384
17105960900,0.4661
17111870404,0.2945
17111870812,0.1191
17111871313,0.7434
17113000108,0.4349
17113002101,0.4355
17115002001,0.4641
17117956600,0.5822
17119400801,0.5777
17119402300,0.8914
17121952000,0.7572
17135957500,0.3903
17137951900,0.3412
17141961200,0.3064
17143000900,0.7616
17143001200,0.7881
17143001500,0.8288
17143001800,0.7842
17143004101,0.3167
17147954500,0.2968
17031030900,0.936
17031031900,0.6434
17031061000,0.6672
17031062500,0.9225
17031081201,0.914
17031140400,0.9338
17031140601,0.8742
17031151200,0.5493
17031160501,0.7505
17031190402,0.5011
17031210602,0.8642
17031221600,0.9353
17031240900,0.7653
17031242600,0.7206
17031242900,0.8062
17031251100,0.8435
17031251300,0.6493
17031251400,0.4911
17031270500,0.9002
17031300700,0.8105
17031301600,0.8679
17031301803,0.9544
17031381200,0.5587
17031381800,0.5789
17031711400,0.755
17031750500,0.5217
17031770601,0.9042
17031801605,0.7701
17031801606,0.7049
17031802609,0.8622
17031803017,0.3213
17031803603,0.3658
17031803902,0.6514
17031804509,0.8482
17031804603,0.5329
17031805001,0.5982
17031805802,0.6174
17031806400,0.8274
17031810600,0.613
17031811302,0.9351
17031811900,0.8098
17031813702,0.9268
17031814300,0.793
17031815500,0.7386
17031816000,0.6178
17031804810,0.5838
17031805111,0.8659
17031805112,0.9716
17031310600,0.8302
17031330200,0.77
17031816700,0.9259
17031817200,0.8151
17031820204,0.8852
17127970100,0.7485
17131040400,0.2875
17135957700,0.7278
17137952000,0.616
17141961500,0.5994
17145030400,0.3288
17155954500,0.5003
17157951202,0.2074
17161022200,0.8597
17161022800,0.8694
17163501605,0.6867
17163501700,0.5259
17163502401,0.8526
17163503304,0.4156
17163503411,0.5401
17163504357,0.5304
17163504359,0.1673
17167001900,0.522
17167003100,0.3613
17171970600,0.2065
17177001000,0.225
17043841605,0.9932
17043841606,0.8685
17043843200,0.9429
17163501606,0.4964
17163503202,0.6947
17163503203,0.4895
17163503404,0.3364
17163503416,0.2205
17165955900,0.3052
17167000300,0.8993
17167002002,0.0749
17167003201,0.2017
17167003802,0.2657
17173959200,0.4688
17179021900,0.4674
17181950100,0.2263
17183000800,0.5378
17183010900,0.7389
17183011100,0.2544
17187870200,0.3737
17193958300,0.3704
17195000300,0.4543
17197880119,0.3117
17197880314,0.4164
17197880701,0.4761
17197881006,0.1957
17197881116,0.2052
17201001300,0.8607
17201001500,0.7546
17201003708,0.9654
17201003801,0.285
17201003806,0.2374
17201003810,0.2467
17201004004,0.8323
17201004200,0.4432
17043846701,0.9215
17045070300,0.4095
17057953200,0.4664
17077011701,0.1271
17079977300,0.2155
17089850710,0.2002
17089851000,0.8041
17089851909,0.719
17089852806,0.7369
17089853001,0.6447
17089853004,0.8192
17089853401,0.586
17089854506,0.1792
17031390500,0.5651
17031400300,0.7065
17031460200,0.8726
17031805201,0.5065
17031805302,0.87
17031806002,0.7818
17031806802,0.5508
17031807900,0.7623
17031828702,0.8473
17031829401,0.8324
17031829402,0.6736
17089854700,0.6569
17091011100,0.5972
17091011500,0.8155
17093890104,0.2624
17095000500,0.8067
17097860500,0.6127
17097861402,0.6531
17097861508,0.8186
17097861607,0.2063
17097863004,0.8476
17097863902,0.7688
17167000504,0.5452
17167002802,0.2152
17167003902,0.2365
17175951500,0.5344
17179020100,0.7926
17179021801,0.7749
17181950300,0.1142
17181950500,0.5691
17183010200,0.4901
17183010400,0.5355
17197880105,0.4172
17197880416,0.2413
17197880423,0.371
17197880431,0.1225
17197883210,0.8154
17197883803,0.3562
17197883810,0.4072
17199020100,0.2471
17199020500,0.5333
17201003500,0.6509
17201003811,0.372
17203030700,0.3727
17031160502,0.6974
17031170300,0.5908
17031170800,0.6044
17031691400,0.7749
17031700200,0.8771
17031710700,0.8067
17031740400,0.4326
17031770500,0.9655
17031801400,0.5231
17031801901,0.6235
17031802702,0.6661
17031803604,0.6095
17031804202,0.4432
17031804314,0.3606
17031804706,0.2294
17031804804,0.9193
17031804902,0.907
17031805701,0.8626
17031805801,0.7249
17031806006,0.4476
17031807400,0.8644
17031810302,0.7869
17031811301,0.9431
17031813500,0.7696
17143002200,0.5892
17143002300,0.4979
17143003104,0.308
17097864515,0.2702
17097864519,0.4722
17097866100,0.3979
17099962400,0.636
17099964000,0.4844
17099964300,0.8013
17103000700,0.3459
17111870905,0.5905
17111870906,0.5498
17111871201,0.427
17111871310,0.3258
17113001800,0.5187
17113005602,0.2431
17115002200,0.8694
17119403403,0.3452
17123961200,0.713
17131040100,0.3001
17135958000,0.5555
17137952100,0.3974
17139976900,0.5956
17143001900,0.5806
17157950800,0.3602
17157951100,0.5456
17159978100,0.3962
17031510300,0.9492
17031520300,0.9335
17031580700,0.9631
17031611500,0.9569
17031670900,0.7129
17031672000,0.8681
17031681200,0.7273
17031740100,0.3284
17031740200,0.3463
17031770700,0.9241
17031800300,0.5772
17031800600,0.4659
17031803010,0.3148
17031803100,0.4098
17031803400,0.573
17031804513,0.7641
17031804610,0.1408
17031804809,0.8669
17031811401,0.9651
17031812302,0.6672
17031814500,0.7958
17031817000,0.9464
17031817600,0.7115
17031817700,0.9225
17031818401,0.9106
17031820202,0.9544
17031820606,0.5996
17031821900,0.48
17031823200,0.7699
17031823803,0.4033
17031824004,0.8997
17031824005,0.691
17031824122,0.5391
17031824300,0.8233
17031829700,0.7935
17031830003,0.4951
17031830300,0.2746
17031838000,0.7685
17031838800,0.9831
17031842900,0.7959
17037000800,0.8263
17037001003,0.1948
17037001400,0.7655
17037001600,0.4585
17037002100,0.5096
17039971400,0.1887
17039971600,0.4289
17043840000,0.9758
17043840304,0.8003
17043840904,0.8613
17043841003,0.8492
17043841315,0.8187
17031561000,0.9195
17031580502,0.9624
17031600900,0.9238
17097861804,0.3621
17097863604,0.5228
17097863702,0.8451
17007010300,0.933
17009970500,0.0876
17011965300,0.5455
17019000200,0.6828
17019000301,0.4352
17019000800,0.7776
17019001201,0.406
17019001301,0.0621
17019010701,0.1373
17019010800,0.1523
17021958100,0.3935
17021958600,0.5098
17031801300,0.6086
17031801800,0.7633
17031801902,0.6768
17003957800,0.8325
17031140702,0.7287
17031190200,0.7429
17031190701,0.8249
17031191000,0.8683
17031191301,0.7307
17031240300,0.9171
17031241300,0.7916
17031241500,0.8063
17031242000,0.9074
17031242100,0.892
17031252102,0.926
17031271500,0.7813
17031282800,0.8151
17031292200,0.9557
17031310800,0.9328
17031351000,0.8366
17031420600,0.7489
17031430900,0.6607
17031460301,0.6269
17031491400,0.8843
17031813600,0.8111
17031816300,0.9666
17031816402,0.9211
17203030501,0.1788
17203030602,0.4028
17143002500,0.6177
17143003200,0.7585
17143004000,0.3849
17143004902,0.528
17147954800,0.4383
17157951000,0.6617
17157951201,0.1208
17161020200,0.6788
17161020301,0.2683
17161022300,0.8611
17163502200,0.8057
17163503415,0.397
17167000503,0.6379
17167000900,0.806
17167002801,0.2459
17167003400,0.3636
17167003602,0.0407
17167003901,0.2196
17177000400,0.3188
17179020800,0.6183
17179021102,0.1322
17097864411,0.4104
17097864511,0.5241
17097864514,0.5384
17005951400,0.3599
17019005300,0.8539
17019005601,0.3114
17019010601,0.1405
17021958400,0.9522
17021959000,0.9198
17031010300,0.7132
17031010502,0.7783
17031010503,0.7272
17031020301,0.8954
17031030800,0.9201
17031050200,0.7373
17001000700,0.4596
17001010400,0.7242
17003957900,0.6461
17005951200,0.4134
17019001204,0.1179
17019001206,0.2256
17019005402,0.5363
17019010500,0.5438
17021958900,0.6741
17023060300,0.562
17029000400,0.5402
17031010201,0.7486
17031030102,0.7191
17031030500,0.904
17031050500,0.8336
17031050800,0.8265
17031060300,0.7856
17031062000,0.7212
17031080300,0.766
17031100200,0.7125
17119403604,0.1921
17129010100,0.1667
17131040300,0.3822
17133600401,0.1201
17135957600,0.7331
17137952300,0.2753
17143002100,0.7218
17143002800,0.4733
17143003103,0.4879
17143003602,0.3305
17143003800,0.4713
17143004300,0.3567
17029000702,0.1304
17031020901,0.934
17031030103,0.6955
17031180100,0.6564
17031190900,0.8262
17031200200,0.8616
17031200300,0.8376
17031220902,0.836
17031221000,0.8427
17031222700,0.8113
17031242200,0.8853
17031271800,0.8447
17031291600,0.9462
17031292500,0.9561
17031301801,0.9601
17031340500,0.9356
17031350400,0.8722
17031381400,0.6748
17031411000,0.624
17031420200,0.5905
17031490800,0.8737
17031580400,0.9478
17031590500,0.9288
17031600700,0.8481
17031610800,0.9573
17031650200,0.9662
17031660400,0.8977
17031816800,0.9496
17031817400,0.9113
17031818200,0.9474
17031818800,0.6931
17031819100,0.9309
17031820603,0.8871
17031820901,0.9726
17031823704,0.58
17031824800,0.6323
17031826902,0.7433
17031827901,0.7033
17031828100,0.5655
17031828402,0.6828
17043843500,0.5337
17043844402,0.4817
17043845807,0.7754
17043846004,0.7244
17043846208,0.6539
17043846209,0.7219
17043846304,0.3412
17043846514,0.4453
17043846517,0.2857
17043846522,0.3421
17055041200,0.55
17067953900,0.2627
17075950800,0.3471
17077010400,0.6724
17085020300,0.3597
17089850103,0.494
17089851400,0.6958
17089852005,0.705
17089852608,0.7593
17089852807,0.4429
17089853300,0.6079
17089854507,0.3263
17091010203,0.1724
17091011200,0.3585
17007010102,0.7018
17011965200,0.9096
17015960300,0.2908
17019010400,0.6239
17019010603,0.2695
17025972100,0.8089
17031520100,0.9522
17031520600,0.9138
17031550200,0.9911
17031620300,0.9692
17163504356,0.1852
17167000800,0.6973
17167001600,0.6094
17167004200,0.6769
17173959600,0.1401
17177000600,0.651
17177001200,0.5423
17193958000,0.3858
17195001500,0.7217
17195001800,0.5424
17197880122,0.3529
17197880124,0.795
17031231200,0.8731
17031280400,0.8982
17031310200,0.824
17031330103,0.7379
17031351100,0.854
17031390300,0.5539
17031400800,0.6963
17031410900,0.6319
17031411200,0.6548
17031421200,0.6529
17031440202,0.7751
17031440700,0.8463
17031560900,0.9299
17031570300,0.9916
17031580800,0.9575
17031600400,0.9282
17031660800,0.844
17031660900,0.8374
17031680600,0.7909
17031710100,0.8464
17031720200,0.6681
17031802100,0.7863
17031804308,0.227
17031804315,0.147
17179021202,0.2628
17185957200,0.5756
17189950300,0.6655
17031010100,0.6486
17031020302,0.8599
17031030300,0.9098
17031100300,0.7351
17031100400,0.7145
17031140500,0.8844
17031171000,0.6558
17031190702,0.8683
17031191302,0.8508
17031243000,0.8951
17031243400,0.9398
17031271300,0.872
17031283100,0.8403
17031351400,0.9315
17031410500,0.532
17031410700,0.575
17031420400,0.7001
17031470100,0.8579
17031480400,0.7925
17031530501,0.7393
17031540101,0.9083
17031580100,0.9354
17031590600,0.9604
17031630300,0.9646
17031660301,0.8364
17031671900,0.887
17031711300,0.6994
17097864107,0.2379
17097864512,0.45
17097864601,0.4655
17097864801,0.5074
17099963400,0.662
17105960200,0.6704
17105960300,0.5413
17105960600,0.8124
17107953600,0.4401
17111870703,0.5395
17111870810,0.2456
17111870813,0.318
17111870814,0.1352
17031051000,0.9132
17031062100,0.6694
17031062800,0.8874
17031071200,0.7862
17031081000,0.8862
17031081700,0.8803
17031200401,0.8755
17031200402,0.8741
17031210601,0.8628
17031221500,0.9228
17031222500,0.6765
17031241400,0.795
17031243300,0.9564
17145030200,0.7955
17149952700,0.5558
17153971100,0.3402
17157950900,0.3599
17161021700,0.826
17161022100,0.267
17161022600,0.8749
17161022900,0.4641
17161024103,0.5053
17163502100,0.984
17163502300,0.9999
17163502900,0.7403
17001001100,0.0685
17031711500,0.7893
17031730300,0.7328
17031730700,0.5313
17031770602,0.9322
17029000600,0.3387
17029001100,0.3683
17031030601,0.8905
17031030703,0.8923
17031031800,0.6067
17031040300,0.6392
17031040600,0.7437
17031062200,0.6408
17031062600,0.9061
17031071400,0.7652
17031110200,0.8464
17091012400,0.7835
17093890302,0.6922
17095000100,0.4345
17095000900,0.9363
17097860200,0.3508
17197880202,0.9037
17197880422,0.3063
17197880428,0.5568
17197881108,0.6116
17197881113,0.1968
17197883211,0.922
17197883811,0.3437
17197883902,0.4326
17197884003,0.2201
17201001200,0.9383
17201003709,0.9133
17201003805,0.3688
17011965000,0.8463
17015960200,0.5245
17017960100,0.1691
17019001205,0.4108
17019010604,0.6728
17023060400,0.2301
17025971900,0.2213
17027900404,0.1004
17027900601,0.0838
17031020100,0.7577
17031030702,0.7332
17031031501,0.66
17031062400,0.8362
17031063303,0.5694
17031070101,0.7126
17031081403,0.9207
17031100700,0.7492
17031130300,0.6441
17031140200,0.4854
17031140302,0.7246
17031140701,0.6829
17031161100,0.9317
17031210900,0.9296
17031221200,0.6793
17031818300,0.857
17031819600,0.9288
17031820300,0.9479
17031820501,0.9148
17031829302,0.4656
17031830006,0.629
17031830201,0.7462
17031830800,0.8363
17031831600,0.6714
17031832100,0.6974
17031832900,0.9338
17031834400,0.5869
17031836400,0.492
17031836600,0.8131
17031836800,0.8382
17001000202,0.2437
17001010600,0.527
17017960300,0.4287
17023060200,0.662
17031040201,0.7662
17031051100,0.9217
17031061500,0.7161
17031063100,0.6994
17031063400,0.6898
17031071700,0.8267
17031110300,0.8558
17031150401,0.8469
17031160601,0.7211
17031170700,0.5913
17031171100,0.7056
17031190300,0.6525
17043841110,0.4454
17043841206,0.76
17043841208,0.8459
17043841308,0.8525
17043841327,0.3793
17043841504,0.8861
17043842604,0.4132
17043844310,0.5286
17043844801,0.4994
17043845508,0.8176
17043846104,0.7041
17043846408,0.7722
17045070400,0.5764
17047956900,0.1517
17055041000,0.4307
17057953300,0.3683
17063000800,0.6054
17067954300,0.1712
17075950700,0.3801
17077011400,0.2033
17081050700,0.696
17001000100,0.297
17001000900,0.4713
17007010604,0.1404
17011965100,0.7858
17019000302,0.4486
17019000401,0.4684
17019000402,0.2747
17019001302,0.1459
17019010300,0.4318
17019011001,0.5636
17021958200,0.5965
17021958800,0.5097
17029000500,0.5355
17031020601,0.7217
17031030400,0.8857
17031040402,0.7913
17031050700,0.8626
17031060800,0.7073
17031061902,0.6984
17031070700,0.9091
17031071800,0.7958
17031080202,0.8418
17031100600,0.7274
17031140100,0.6601
17097864410,0.383
17097864521,0.5596
17097864802,0.5677
17099961701,0.4541
17099962900,0.9387
17111870904,0.7234
17111871307,0.7061
17113005104,0.091
17113005800,0.5033
17115001700,0.6656
17117956700,0.3449
17119401905,0.948
17119403502,0.3501
17119404000,0.9884
17121951900,0.6848
17125956800,0.2115
17031040900,0.6383
17031050600,0.8094
17031070103,0.7181
17031071100,0.8591
17031110501,0.8699
17031120200,0.8366
17031120400,0.9377
17031140800,0.7268
17031160700,0.8503
17031161300,0.9492
17031190601,0.6313
17031210700,0.8822
17031220601,0.8456
17031230200,0.8344
17031230400,0.8685
17031242700,0.6911
17031250600,0.8645
17031250700,0.9037
17031260600,0.9701
17031300500,0.9073
17031310900,0.9374
17031320600,0.8705
17031350100,0.8772
17031420500,0.8137
17031670300,0.8398
17031670500,0.8408
17031691500,0.7494
17031700301,0.8524
17031710300,0.8406
17001000400,0.6062
17001000500,0.5526
17001010200,0.2646
17001010301,0.0945
17001010302,0.4113
17011964700,0.4412
17011964800,0.4418
17011965400,0.2749
17019001400,0.2392
17001000600,0.3876
17001001002,0.1152
17003957700,0.1365
17005951300,0.7096
17007010200,0.8995
17007010501,0.2348
17007010603,0.4089
17019001203,0.0268
17019010902,0.4869
17025972200,0.4524
17027900200,0.1692
17029000900,0.0782
17031801500,0.8102
17031801603,0.7374
17031802300,0.5047
17031802402,0.7301
17031804102,0.3205
17031804106,0.5422
17031804611,0.1956
17031805002,0.6625
17031805106,0.4023
17031806103,0.9297
17031806104,0.8536
17031808302,0.956
17031808500,0.8288
17031811000,0.6934
17031812200,0.6501
17031813200,0.6282
17031814400,0.8624
17031815100,0.7528
17031815800,0.858
17031818000,0.9379
17031610400,0.9637
17031630400,0.965
17031630500,0.9645
17031640400,0.9166
17031640600,0.9678
17031640800,0.8368
17031670600,0.7881
17031700502,0.7161
17031710200,0.8625
17031710600,0.8788
17031770201,0.7472
17031770800,0.9216
17031804305,0.2594
17031804405,0.4697
17031804512,0.6028
17031806501,0.9472
17031807200,0.7517
17031808900,0.6678
17031809700,0.7341
17031810000,0.5254
17097861201,0.5208
17099961702,0.6767
17099963500,0.5766
17099963600,0.7512
17099964200,0.6213
17101881000,0.533
17103000500,0.3597
17103000900,0.2532
17105961000,0.6634
17109010900,0.2387
17113005502,0.2487
17113006000,0.5158
17115001000,0.8661
17115001100,0.9452
17115002401,0.5961
17115002402,0.558
17119400802,0.8461
17119401800,0.9143
17119402805,0.3218
17031822701,0.5569
17031822702,0.365
17031822801,0.452
17031822900,0.8226
17031823101,0.6853
17031823703,0.713
17031824105,0.2514
17031824113,0.1971
17031824129,0.4902
17031826201,0.6122
17031827400,0.6137
17031827600,0.7328
17031828507,0.5685
17031835000,0.7598
17031836300,0.4885
17031839100,0.905
17031839900,0.9421
17037000700,0.4983
17041952400,0.6592
17043840104,0.6746
17031816900,0.9384
17031818100,0.9574
17031819700,0.8345
17031820203,0.8711
17031821300,0.8215
17031821401,0.6119
17031821402,0.7344
17031823002,0.7285
17031823604,0.4557
17031823605,0.6901
17031823805,0.5917
17031824701,0.7061
17031824702,0.5703
17031828602,0.5845
17031828801,0.377
17031829800,0.2482
17031829904,0.5684
17031830005,0.3587
17031831200,0.8777
17031831400,0.9189
17031804404,0.3771
17031804508,0.6616
17031804514,0.8875
17031804711,0.2295
17031804712,0.2273
17031804805,0.2686
17031805600,0.6413
17031806502,0.9293
17031806900,0.4781
17031808400,0.8967
17031809401,0.6773
17031809402,0.68
17031809600,0.7086
17031812100,0.6419
17031815000,0.604
17031816401,0.9384
17031816500,0.9546
17031817900,0.9148
17031821200,0.5994
17031823302,0.9206
17031823602,0.7013
17089851101,0.6501
17089851908,0.2821
17089852300,0.7723
17007010400,0.923
17011964900,0.335
17015960600,0.3389
17019001100,0.4598
17019005401,0.8097
17019005602,0.0264
17019006000,0.1454
17019010100,0.5633
17019010204,0.6202
17019011100,0.659
17029000800,0.0332
17031010501,0.7664
17031020701,0.4499
17031020902,0.901
17031030104,0.7881
17031030706,0.7229
17031031100,0.9006
17031031200,0.7528
17031040700,0.6545
17031060100,0.6296
17031061800,0.733
17031063200,0.6944
17043841705,0.3352
17043841802,0.5832
17043845602,0.4668
17043846205,0.4055
17043846413,0.727
17043846519,0.5484
17045070200,0.2338
17051951100,0.3709
17075950300,0.3799
17077010300,0.3706
17077010800,0.7166
17081050500,0.2362
17081051000,0.6677
17109010401,0.2875
17109980000,0.4546
17111870502,0.2919
17113000400,0.4138
17113005201,0.5236
17117956800,0.1582
17117957100,0.5055
17117957200,0.1961
17119400102,0.9911
17119401300,0.9108
17119402000,0.6648
17119402801,0.3259
17119402803,0.7396
17133600102,0.8554
17133600502,0.4593
17141961302,0.6497
17143002600,0.7178
17143003403,0.5596
17145030500,0.3194
17163503211,0.4717
17167001004,0.0686
17167001300,0.5405
17167001400,0.7849
17167003000,0.3429
17173959100,0.3323
17179020400,0.6623
17179021603,0.5292
17183000600,0.5461
17183000700,0.415
17183011000,0.5861
17185957400,0.2987
17189950200,0.3497
17195000400,0.3842
17197880204,0.6839
17197880324,0.3844
17197880425,0.2767
17197880503,0.2723
17197881105,0.4801
17197881107,0.5919
17197881302,0.918
17031711200,0.7856
17031730600,0.7323
17031770300,0.9403
17031800100,0.4001
17031801200,0.6123
17031801607,0.4902
17031802004,0.6511
17031802701,0.6764
17031802900,0.4433
17031803016,0.3781
17031803605,0.5089
17031803614,0.3762
17031804204,0.4968
17031804808,0.32
17031804901,0.8133
17031806202,0.8793
17031806300,0.9442
17031807600,0.9011
17031810301,0.892
17031840000,0.9269
17031840400,0.9289
17037001004,0.1137
17037001300,0.8879
17043840600,0.9229
17043840801,0.9802
17043840901,0.6927
17043840907,0.4893
17043841503,0.9068
17043842400,0.4798
17043844001,0.8404
17043844307,0.3919
17043844601,0.7782
17043845300,0.6904
17043846307,0.4819
17043846310,0.2585
17043846404,0.6928
17043846410,0.6703
17043846511,0.4525
17045070100,0.477
17049950300,0.3008
17029001000,0.4585
17031010202,0.7081
17031030200,0.8977
17031040800,0.6466
17031051400,0.9266
17031070400,0.7974
17031080400,0.7888
17031110100,0.8577
17031150800,0.9005
17031210501,0.8574
17031221100,0.8127
17031222600,0.6942
17031230700,0.866
17031230800,0.8857
17031243500,0.9022
17031250400,0.8492
17031260400,0.9612
17031283800,0.821
17031301200,0.9515
17031310700,0.8212
17031340300,0.924
17031351500,0.9024
17031390200,0.4981
17031420100,0.5819
17031420700,0.7701
17031420800,0.7291
17031430101,0.5207
17031431301,0.8084
17031440101,0.8185
17031460302,0.8048
17031490901,0.8333
17031500100,0.9566
17031510100,0.9762
17031520400,0.9036
17031612000,0.9723
17031811200,0.9177
17031812700,0.6134
17031815200,0.8001
17031815702,0.8362
17031251700,0.9145
17031252201,0.9214
17031260500,0.9582
17031300600,0.8771
17031300900,0.9614
17031301701,0.8063
17031301702,0.8615
17031380600,0.9074
17031381900,0.5062
17031430200,0.6869
17031430300,0.7122
17031431400,0.7099
17031491300,0.7988
17031540102,0.9148
17031560800,0.9888
17031620400,0.9897
17031640300,0.9829
17031660302,0.897
17031660700,0.8214
17031670800,0.7491
17031671500,0.8663
17031680500,0.8507
17031681000,0.709
17031711000,0.8543
17031150502,0.6135
17031160400,0.9295
17031160900,0.954
17031220300,0.9568
17031220701,0.8682
17031220702,0.861
17031222900,0.8511
17031231100,0.8831
17031240600,0.6439
17031242400,0.8078
17031251000,0.8053
17031251500,0.8163
17031271200,0.7742
17031840800,0.8854
17031841300,0.9186
17031842100,0.9529
17037001700,0.4745
17015960100,0.3569
17017960400,0.1849
17019005800,0.6698
17021958500,0.9649
17025972000,0.6137
17029000200,0.5213
17029001200,0.5738
17031020500,0.776
17031030101,0.7314
17031032100,0.6531
17031040100,0.9149
17031040202,0.7734
17083010300,0.2285
17089850105,0.1105
17089850703,0.1779
17089853100,0.4022
17089853900,0.7042
17089854302,0.4781
17091010701,0.467
17093890501,0.2875
17031824003,0.7336
17031825501,0.705
17031828802,0.6049
17089852407,0.0768
17089852805,0.8283
17089853008,0.6839
17089854505,0.2387
17089854600,0.744
17091010900,0.4845
17093890703,0.4301
17095000400,0.2199
17095000600,0.6172
17097860807,0.2984
17097860813,0.5935
17097860907,0.4032
17097861011,0.4694
17031825000,0.7262
17031825700,0.963
17031825803,0.4741
17031150200,0.9349
17031151001,0.7753
17031170500,0.6107
17031191200,0.857
17031210400,0.8641
17031210502,0.8521
17031210800,0.8649
17031220500,0.8232
17031240800,0.6767
17031241100,0.6979
17031243100,0.9307
17031260100,0.929
17031280800,0.8063
17031282700,0.7583
17031310400,0.8581
17031330101,0.5418
17031390100,0.4585
17031390700,0.4825
17031431302,0.7516
17031460400,0.8253
17031461000,0.7235
17031480200,0.81
17031490200,0.845
17031491100,0.5179
17061974000,0.2942
17081050300,0.6139
17083010200,0.2846
17093890201,0.6342
17093890701,0.0593
17097860106,0.5421
17097860400,0.4527
17097860908,0.5542
17097861505,0.5119
17097861702,0.7101
17097865400,0.7923
17099962500,0.6382
17099963100,0.9235
17099963700,0.6488
17099963800,0.8979
17107953000,0.4002
17107953200,0.8344
17107953400,0.5948
17109011000,0.6211
17111870103,0.6059
17111870907,0.4749
17111871003,0.8004
17111871311,0.6203
17113001402,0.4154
17113005401,0.4172
17113005900,0.3695
17115000200,0.8936
17049950400,0.4771
17055040300,0.3738
17055040700,0.5116
17031220901,0.8718
17031241200,0.7457
17031242300,0.8459
17031250200,0.8753
17031252101,0.7831
17031261000,0.9642
17031381500,0.7224
17031430102,0.4267
17031440102,0.8206
17031440800,0.8311
17031460800,0.655
17031480500,0.7827
17031490700,0.5286
17031490902,0.8772
17031491000,0.7468
17031500300,0.9149
17031530503,0.7715
17031560300,0.977
17031560700,0.9878
17031580300,0.9294
17031590700,0.9513
17031612200,0.958
17031620100,0.9874
17031630600,0.9559
17031802200,0.7393
17031802506,0.923
17031802802,0.6955
17031803611,0.4761
17031804313,0.2735
17031804403,0.2468
17031804803,0.8334
17031805702,0.9115
17031808301,0.9149
17031808600,0.8041
17031808800,0.9072
17031809000,0.3675
17031811702,0.9526
17031060900,0.7115
17031062300,0.6079
17031062900,0.7779
17089851904,0.5537
17089852002,0.9785
17089852201,0.6747
17089852606,0.8038
17089853601,0.5003
17091012000,0.6687
17091012200,0.6001
17093890301,0.6314
17093890702,0.0687
17095000700,0.5543
17097860906,0.4332
17097861105,0.583
17097861403,0.3504
17097862000,0.8439
17097862300,0.9936
17097862901,0.9417
17097863801,0.7512
17097863903,0.5459
17097864002,0.6891
17099961800,0.4152
17099962000,0.5974
17101880800,0.563
17103000200,0.7127
17103000400,0.5658
17089851302,0.64
17089851801,0.8687
17089852001,0.8295
17089852103,0.668
17089852204,0.2602
17043846405,0.8174
17049950800,0.7762
17057953000,0.356
17097863400,0.3165
17097864522,0.4284
17097864523,0.7046
17099962100,0.8693
17099962600,0.9414
17101880900,0.1975
17107953100,0.8192
17109010100,0.3997
17109010600,0.4024
17111870106,0.2013
17111871004,0.6105
17113000105,0.2065
17113001107,0.2074
17115002602,0.3783
17115002904,0.486
17117956900,0.1815
17119400600,0.9792
17119402400,0.8936
17119402900,0.3565
17119403121,0.1554
17127970200,0.8258
17139977100,0.4705
17141961700,0.5298
17143000300,0.7691
17031816200,0.9213
17031817102,0.8542
17031818402,0.8687
17031820700,0.9411
17031823903,0.736
17031650301,0.9592
17031660600,0.8612
17031670700,0.7295
17031680900,0.7383
17031690900,0.7425
17031691200,0.8595
17031720100,0.6563
17031720400,0.503
17031750400,0.4954
17031770902,0.5375
17161021200,0.4773
17163502603,0.9902
17163503101,0.629
17197880303,0.065
17197880305,0.0465
17197880326,0.4078
17197880107,0.2773
17197880118,0.2579
17197880315,0.1526
17161020102,0.4388
17161021100,0.6563
17161023000,0.5732
17161023200,0.6844
17161024400,0.7168
17163501400,0.4753
17163502602,0.9727
17163503413,0.1857
17167000202,0.5533
17167002200,0.4082
17167003203,0.3384
17167004000,0.3904
17179020700,0.3952
17179021203,0.1341
17183010300,0.581
17185957500,0.6681
17189950100,0.4484
17195001000,0.6755
17197880125,0.8253
17197880309,0.0827
17197880320,0.3079
17197880424,0.2218
17197880427,0.6963
17197882000,0.67
17031292400,0.9665
17031320400,0.9031
17031330102,0.7256
17031340400,0.8159
17031360200,0.5996
17031430500,0.6182
17031440900,0.8947
17031450300,0.7522
17197881603,0.369
17197883218,0.2126
17197883306,0.9309
17031061200,0.7095
17031070500,0.9277
17031071000,0.8639
17031080201,0.8804
17031081202,0.9613
17031081300,0.9789
17031090300,0.7298
17031130100,0.7114
17031150700,0.7911
17075950200,0.2845
17081050200,0.2332
17083010402,0.2649
17085020101,0.0786
17085020401,0.4708
17085020500,0.2038
17087977800,0.4292
17089850705,0.3869
17089850708,0.3007
17089851500,0.7081
17089851600,0.7358
17089852904,0.6185
17089853006,0.4676
17089853500,0.597
17091012100,0.6759
17095000200,0.3646
17097860805,0.3808
17097860812,0.4833
17097860905,0.3469
17097861007,0.0976
17097861611,0.3027
17097861106,0.2927
17097861303,0.4524
17097861504,0.8689
17097861603,0.7755
17097863003,0.8886
17097864108,0.4983
17097864110,0.5859
17097864409,0.4932
17197883209,0.4513
17197883212,0.7535
17197883217,0.224
17197883516,0.4216
17197883700,0.5505
17199021100,0.4896
17201001400,0.8358
17201001700,0.8846
17201001900,0.9924
17201002900,0.7619
17201003710,0.7623
17201003809,0.5835
17201003903,0.5102
17201004300,0.3987
17203030601,0.2707
17031829200,0.8079
17031830007,0.7791
17031842200,0.8684
17035972400,0.6959
17037001900,0.5384
17039971800,0.6172
17043840103,0.8317
17043841205,0.8767
17043844401,0.6352
17043845809,0.5484
17043846103,0.7339
17043846106,0.7237
17043846521,0.5583
17043846603,0.9146
17049950700,0.4711
17053961900,0.4879
17063000300,0.8894
17073030203,0.26
17073031000,0.5393
17119403532,0.2604
17119403534,0.1541
17123961300,0.5087
17129010300,0.2171
17133600402,0.4025
17141961400,0.6284
17143002000,0.6605
17143003404,0.5255
17143003601,0.4543
17143004200,0.6229
17161023500,0.8817
17161024500,0.894
17163500400,0.9696
17163501300,0.8067
17165955100,0.2035
17165956200,0.5219
17167000501,0.4776
17167002300,0.4905
17169970100,0.4245
17177001100,0.3483
17179021101,0.1923
17031811800,0.9496
17031812801,0.6112
17031819500,0.8554
17031820902,0.8838
17031821102,0.7499
17031824106,0.1389
17031824125,0.1556
17031824400,0.782
17089852500,0.9809
17089852700,0.879
17091011600,0.7166
17091012500,0.8538
17093890602,0.3234
17095000300,0.5508
17095001200,0.4602
17095001400,0.8943
17097860104,0.4579
17097860301,0.3103
17097860808,0.174
17097861012,0.3124
17097861509,0.7259
17097861610,0.1986
17097861902,0.9147
17097862200,0.9933
17097862604,0.6626
17097864001,0.5422
17097864208,0.6509
17031824124,0.13
17031824508,0.1745
17031825200,0.8658
17031827000,0.8263
17031828000,0.8477
17031829500,0.7827
17031830500,0.9584
17031831000,0.9072
17031831900,0.8063
17031832600,0.8103
17031835200,0.9604
17031837300,0.82
17031838200,0.9112
17031839600,0.8421
17031840100,0.9473
17031840200,0.8643
17031841700,0.9293
17031843000,0.908
17031843800,0.9496
17043846507,0.5589
17043846523,0.6755
17051950700,0.555
17051951000,0.3633
17057953400,0.415
17057953800,0.157
17067953800,0.0893
17071973500,0.4389
17073031200,0.4741
17075950400,0.4413
17075950500,0.4436
17077010700,0.4112
17083010401,0.5701
17089850302,0.6294
17089851907,0.3399
17089852404,0.0812
17089852406,0.1736
17089852408,0.2115
17089853007,0.452
17089853200,0.5364
17089854001,0.8029
17197880510,0.704
17197880601,0.4383
17197880905,0.9324
17197881109,0.3893
17197881201,0.7595
17197882801,0.7011
17197883509,0.6822
17197883514,0.6377
17197884004,0.2545
17199020400,0.4805
17201000506,0.1718
17201000507,0.2888
17201000600,0.3677
17201002800,0.9264
17201004100,0.1365
17031806700,0.472
17031807000,0.6592
17031807800,0.9241
17031810200,0.5603
17031812301,0.5572
17031813302,0.9287
17031814900,0.6072
17031815900,0.604
17031816600,0.927
17031817500,0.7782
17031818500,0.8029
17031818900,0.6855
17031820400,0.9369
17031820502,0.8918
17031823603,0.9203
17031824121,0.1356
17031827802,0.5951
17031827805,0.8774
17031830001,0.6092
17195000500,0.5543
17195000900,0.3766
17197880109,0.1906
17197880114,0.7503
17197880508,0.5487
17197880602,0.6058
17197881012,0.1103
17197881111,0.7014
17197881401,0.9585
17197881601,0.3875
17197883216,0.6905
17197883511,0.2498
17197883515,0.3068
17197883517,0.3407
17201000515,0.4508
17201001100,0.8206
17201002100,0.9893
17201003606,0.5222
17203030100,0.1347
17203030200,0.0998
17031838300,0.746
17031839200,0.8628
17031840700,0.9439
17031842400,0.8689
17031843300,0.8025
17033880500,0.814
17043840704,0.9714
17043840802,0.8348
17043841114,0.8235
17043841704,0.6283
17043842603,0.5249
17043844304,0.6635
17043844602,0.721
17043845200,0.6879
17043846201,0.1952
17043846202,0.516
17043846524,0.1405
17051950900,0.4219
17053961700,0.4737
17055040100,0.526
17057953100,0.3405
17097863701,0.7794
17097864308,0.4717
17097864510,0.636
17097864602,0.423
17097864903,0.7352
17097865502,0.7494
17099962200,0.8589
17099963300,0.9416
17111870402,0.2414
17115000600,0.8416
17119400952,0.3883
17119403533,0.277
17119403701,0.3412
17121952300,0.5345
17121952400,0.5482
17127970400,0.4221
17129010200,0.3182
17139977200,0.7026
17141960800,0.2917
17157950600,0.781
17097861803,0.4801
17097863603,0.7384
17115003100,0.7417
17119400903,0.8433
17119402722,0.5738
17119403401,0.3247
17119403802,0.541
17121952500,0.5808
17127970300,0.2154
17133600103,0.3149
17139977000,0.4081
17143002702,0.661
17143003000,0.2974
17143003402,0.4943
17143004600,0.9155
17043846308,0.3065
17043846412,0.631
17049950200,0.2871
17049950500,0.4934
17069970900,0.0683
17075950900,0.4349
17077010601,0.1562
17079977400,0.3441
17081050100,0.1959
17081050400,0.6975
17083010100,0.5482
17089851913,0.2738
17089853005,0.5882
17089853602,0.4084
17093890107,0.1279
17095001600,0.4312
17097860809,0.3289
17097861506,0.8195
17097861507,0.9721
17097861608,0.1475
17097862902,0.9336
17075950100,0.453
17077011200,0.3162
17081050600,0.302
17081050800,0.697
17089850706,0.3574
17043842800,0.9207
17043843301,0.9553
17043844502,0.4881
17043844702,0.7014
17043845401,0.7582
17043845805,0.8499
17043846002,0.8948
17043846003,0.8655
17043846513,0.4608
17043846702,0.9527
17051950600,0.3464
17055040200,0.3857
17055040800,0.38
17055041100,0.4762
17057953900,0.3322
17059972800,0.0891
17061973900,0.4856
17063000600,0.6981
17065973100,0.3472
17067954000,0.1939
17069971000,0.0251
17077011600,0.297
17087977600,0.3633
17089850400,0.5572
17179022000,0.2227
17183010100,0.3341
17187870100,0.6939
17031661100,0.836
17031671800,0.895
17031770202,0.798
17031800500,0.6609
17031800900,0.6024
17031802610,0.8679
17031803007,0.3158
17031803008,0.3
17031803500,0.391
17031803616,0.4712
17031803701,0.526
17031803702,0.6015
17031803800,0.6964
17031804000,0.4039
17031804306,0.3014
17031804309,0.4459
17031804506,0.5225
17031804705,0.3933
17031804709,0.3709
17031804713,0.4461
17031804716,0.1348
17031806001,0.5835
17031806004,0.2754
17031806005,0.434
17201003705,0.7888
17105960400,0.3381
17107952900,0.5946
17111870403,0.2461
17111870603,0.7176
17113000109,0.3514
17113000200,0.3949
17113001103,0.2764
17113001108,0.2536
17113001200,0.4994
17113005102,0.4914
17113005700,0.3598
17115001200,0.7991
17115002300,0.5178
17115002905,0.3431
17117956300,0.742
17119403002,0.1783
17119403300,0.4874
17119403603,0.2931
17121951600,0.5315
17121952100,0.8555
17121952700,0.4953
17141961001,0.834
17141961301,0.4608
17143001600,0.7918
17183011200,0.7265
17195000200,0.3475
17197880111,0.5679
17197880430,0.1439
17197880509,0.7727
17197881010,0.2637
17197881604,0.3577
17197882900,0.9012
17197883606,0.6992
17201000403,0.7402
17201000514,0.4457
17201001600,0.8826
17201002700,0.9034
17089854504,0.6512
17091011300,0.4832
17091011400,0.7606
17097860600,0.4636
17097861202,0.4925
17097861404,0.3619
17097861510,0.8219
17097862502,0.8212
17097864206,0.2138
17099963200,0.8782
17103000300,0.9346
17109010700,0.4079
17111870501,0.5353
17111870903,0.3871
17111871111,0.0745
17111871112,0.08
17001000201,0.3225
17031830004,0.406
17031834900,0.8256
17031835600,0.9193
17031835800,0.669
17031837400,0.8692
17043843400,0.7245
17043843900,0.8087
17043844201,0.5978
17043844902,0.8395
17043845000,0.5571
17043845902,0.8716
17043846311,0.3002
17043846315,0.8621
17043846411,0.674
17045070500,0.5553
17049950600,0.5408
17203030400,0.2861
17061973800,0.4041
17063000103,0.7263
17065973200,0.5042
17093890106,0.2615
17095000800,0.7368
17095001300,0.4778
17097860105,0.5157
17097862501,0.766
17097863601,0.8412
17097864207,0.5304
17097864305,0.1793
17097864520,0.5976
17099962700,0.8103
17111870604,0.5808
17111870605,0.2733
17111870606,0.4266
17159977900,0.4739
17161020400,0.8951
17161020800,0.6992
17163501100,0.9603
17165955700,0.5645
17167000100,0.8232
17167001003,0.0537
17167001200,0.4726
17167002700,0.4073
17167003702,0.6787
17169970300,0.3017
17173959300,0.6503
17177000300,0.2427
17185957300,0.6258
17191955100,0.5094
17195001101,0.3802
17143004801,0.6392
17145030100,0.4253
17145030600,0.4531
17149952800,0.3699
17157950500,0.8285
17161021500,0.7765
17161023700,0.8423
17163501802,0.3441
17163503903,0.4363
17163504351,0.3529
17163504600,0.89
17031804609,0.1815
17031805105,0.3993
17031805107,0.5831
17031805108,0.5585
17031805110,0.5438
17031806102,0.9144
17031808002,0.859
17031809200,0.7609
17031810800,0.6413
17031811701,0.9873
17031812900,0.6279
17031813100,0.6315
17031820604,0.8716
17031820605,0.8155
17031821101,0.532
17031822602,0.5621
17031823702,0.405
17031824006,0.1923
17031824900,0.5805
17031826303,0.5111
17031826304,0.3874
17031828900,0.8762
17031830600,0.7721
17031830700,0.68
17089850301,0.6458
17089852004,0.8278
17089852607,0.4243
17089852808,0.7769
17089852905,0.6939
17097864203,0.535
17097864516,0.2112
17115002902,0.1709
17117956100,0.2537
17117956400,0.4769
17119401101,0.922
17119401400,0.9232
17119401722,0.5358
17119402600,0.8849
17119402701,0.5155
17119403404,0.4557
17121951800,0.7082
17135957800,0.6926
17135957900,0.7387
17137951800,0.4157
17143002400,0.3855
17143004102,0.5667
17143004802,0.7874
17161020700,0.7289
17161021800,0.5192
17161023600,0.8815
17161024101,0.4803
17163501607,0.4817
17163502700,0.9392
17163503334,0.2196
17163503908,0.6312
17001000800,0.4757
17001010100,0.2044
17013951300,0.1934
17015960500,0.4373
17019000500,0.2407
17019010702,0.2301
17019011002,0.3404
17057953600,0.3826
17071973300,0.2174
17073030100,0.4363
17073030301,0.5597
17075950600,0.4205
17085020102,0.2088
17089854401,0.4412
17089854800,0.3082
17091010300,0.3804
17091010500,0.2752
17093890105,0.1563
17093890401,0.3717
17097860903,0.4217
17097861009,0.1528
17097861013,0.2162
17097862402,0.9862
17097862800,0.8837
17097863202,0.8139
17097863300,0.5431
17097863500,0.8081
17097863904,0.7148
17097864106,0.6514
17097864407,0.2652
17097864700,0.5847
17143000600,0.655
17143003101,0.3282
17143003700,0.5852
17031826202,0.7907
17031826800,0.8587
17031827500,0.8686
17031827700,0.6689
17031832500,0.9166
17031834000,0.768
17031837800,0.876
17031838100,0.9394
17031839000,0.8858
17031843400,0.9531
17031843500,0.9582
17031843600,0.4947
17031843700,0.8921
17037000402,0.4446
17037001500,0.8002
17037001800,0.56
17037002000,0.5141
17039971700,0.6296
17041952100,0.4282
17041952200,0.4492
17043841002,0.4312
17043841104,0.9473
17043841322,0.3488
17043842500,0.4721
17031520500,0.8802
17031530100,0.8896
17031530502,0.7671
17031550100,0.9613
17031570100,0.9602
17031071600,0.8313
17031081402,0.8131
17031120100,0.9375
17031150402,0.695
17031151002,0.8769
17031160602,0.804
17031160800,0.8533
17031170400,0.4956
17031190100,0.7069
17031190800,0.8701
17031210100,0.8128
17031222800,0.8588
17031230100,0.6863
17201003300,0.6618
17201980000,0.9863
17083010500,0.0502
17089850600,0.6681
17089850704,0.3499
17089850707,0.4095
17089850800,0.7822
17111871205,0.5169
17111871206,0.2083
17111871402,0.5977
17111871501,0.3979
17111871502,0.6163
17113005103,0.0837
17113005501,0.1784
17115001400,0.6049
17115002906,0.6375
17119401102,0.8588
17119402200,0.7999
17031150501,0.8212
17031151100,0.6685
17031160100,0.8605
17031161000,0.9486
17031170200,0.584
17031190602,0.7356
17031220602,0.86
17031221400,0.8969
17031230600,0.8732
17031251900,0.8967
17031252000,0.5556
17031260800,0.9649
17031280900,0.7822
17031320101,0.902
17031320102,0.8852
17031340600,0.9479
17031380200,0.8301
17031410200,0.5284
17031410800,0.6244
17031430700,0.6348
17031440201,0.8126
17031490600,0.7646
17031561100,0.9822
17031580501,0.9532
17195001700,0.7462
17197880112,0.7843
17197880117,0.4359
17197880319,0.2366
17197880421,0.2903
17057952900,0.632
17067953700,0.2538
17073030500,0.6268
17073031100,0.6887
17077010200,0.4775
17077010900,0.4305
17077011702,0.4778
17085020200,0.6669
17089851301,0.6884
17089852403,0.5896
17089852405,0.1943
17089853402,0.5686
17089854200,0.747
17031081500,0.896
17031081800,0.8925
17031081900,0.9224
17031090200,0.6933
17031100100,0.8303
17031110400,0.8531
17031140602,0.8553
17031150300,0.9086
17031160200,0.892
17031160300,0.8994
17031161200,0.9339
17031170100,0.3624
17031170600,0.7307
17031170900,0.6435
17031200100,0.8757
17031220400,0.9257
17031222200,0.9186
17031240200,0.8908
17031250300,0.8617
17031250500,0.695
17031250800,0.8681
17031251800,0.9233
17031252202,0.9391
17031260300,0.9409
17031822101,0.5214
17031823001,0.4923
17031823303,0.873
17031150600,0.5309
17031190401,0.5917
17031230500,0.8437
17031231500,0.8017
17031240500,0.8715
17031240700,0.6735
17031241000,0.7215
17031243200,0.9141
17031251200,0.8015
17031260200,0.935
17031260900,0.9558
17031281900,0.904
17031283200,0.866
17031301100,0.96
17031301802,0.9517
17031380100,0.5937
17031390600,0.4995
17031410600,0.5513
17031430600,0.5079
17031491200,0.6043
17031500200,0.9117
17031560100,0.9268
17031570500,0.9352
17031580200,0.9506
17153971000,0.2302
17161020302,0.9064
17161024300,0.9023
17163500500,0.9596
17111870702,0.3003
17111871107,0.061
17111871108,0.0301
17111871109,0.0297
17111871600,0.7074
17113000106,0.3658
17113000502,0.6075
17113000507,0.2076
17113001403,0.2718
17113005402,0.1093
17115001900,0.6971
17031271400,0.8475
17031310500,0.8376
17031390400,0.4173
17031430800,0.6067
17031560200,0.9632
17031611600,0.9481
17031612100,0.9561
17031670100,0.8626
17031671100,0.7663
17031710900,0.8045
17031711100,0.7606
17031770901,0.6187
17031801701,0.7149
17031801702,0.6889
17031802403,0.4287
17031802801,0.6855
17031803005,0.382
17031803013,0.314
17031803607,0.6538
17031803608,0.5588
17031804104,0.1057
17031804105,0.3772
17031804607,0.8425
17031804608,0.3849
17043846102,0.7024
17043846206,0.5548
17043846313,0.3531
17043846510,0.4004
17053962000,0.583
17197880307,0.0764
17197880321,0.2879
17197880323,0.4318
17197880702,0.8228
17197880901,0.8318
17197881115,0.3955
17197882602,0.7249
17197883402,0.7436
17199021200,0.7856
17199021300,0.4055
17201000300,0.6638
17201000512,0.2085
17031831500,0.6588
17031832000,0.6841
17031832200,0.934
17031836200,0.6634
17031842600,0.949
17037000100,0.3971
17039971500,0.6289
17043840201,0.7346
17043841111,0.1777
17043841603,0.8795
17043841707,0.6256
17043841901,0.3506
17043842300,0.3775
17043842711,0.2974
17043843302,0.7762
17043844202,0.6025
17043844309,0.553
17043844501,0.6665
17043844701,0.6016
17043844802,0.7008
17043845402,0.8966
17043845502,0.8246
17043845811,0.7831
17043846314,0.8527
17113000301,0.3376
17113001106,0.3986
17113001301,0.372
17113001600,0.4016
17089852907,0.6629
17089854100,0.7883
17089854508,0.6672
17091011700,0.7993
17091012600,0.7151
17093890103,0.1418
17093890108,0.128
17097860103,0.2756
17097861010,0.4138
17097861901,0.8994
17097862100,0.7686
17097862603,0.8271
17097864204,0.5649
17097864303,0.288
17097864403,0.4764
17097865600,0.5325
17097866200,0.7365
17111870302,0.3541
17111870704,0.45
17197880316,0.1319
17197880414,0.3229
17197880417,0.3735
17197880511,0.3424
17197881009,0.2727
17197882601,0.7196
17197882702,0.6621
17197883208,0.2085
17197883605,0.1782
17197884101,0.9274
17197980100,0.9266
17199020801,0.4105
17199021003,0.4541
17201000402,0.6095
17201000800,0.7732
17201002000,0.987
17201002400,0.6031
17201003200,0.6779
17201003904,0.3552
17023060100,0.5296
17029000300,0.5455
17031010600,0.7864
17031020200,0.9033
17031040401,0.8106
17031050300,0.8042
17031051300,0.9074
17031060500,0.6684
17031061901,0.7441
17031063302,0.7607
17031070600,0.9011
17031611200,0.9546
17031620200,0.9845
17031640500,0.901
17031650500,0.9549
17031660500,0.8822
17031661000,0.8647
17031681100,0.7037
17031700302,0.7419
17031700401,0.7381
17031700402,0.7092
17031800400,0.4995
17031801000,0.5015
17031801100,0.502
17031803014,0.9234
17031803015,0.6953
17031803200,0.3667
17031804108,0.4196
17031804109,0.4866
17031805109,0.5004
17031805502,0.603
17031807300,0.7289
17031808001,0.8524
17031809300,0.7803
17031809500,0.6769
17197880317,0.4195
17197880418,0.2533
17197880429,0.2364
17197880903,0.8385
17197881500,0.4949
17143004500,0.7219
17145030300,0.7313
17149952400,0.4356
17149952500,0.3791
17159978000,0.4615
17161020900,0.4044
17161021300,0.768
17163501502,0.4683
17163501900,0.5421
17163503332,0.4468
17163503414,0.2092
17163504354,0.3829
17167002001,0.0585
17167002600,0.4912
17167003202,0.2189
17167003603,0.2948
17169970200,0.2993
17179020301,0.3434
17179020600,0.416
17179021701,0.3779
17183000300,0.3224
17033880300,0.5516
17043840911,0.6872
17043841102,0.9438
17043841324,0.1655
17043841401,0.7455
17043842702,0.2427
17043842704,0.3173
17043842710,0.279
17043843800,0.8088
17043845601,0.4243
17043845702,0.3599
17043845704,0.291
17043845802,0.6737
17043845810,0.8143
17043846604,0.9195
17047957100,0.3004
17051950500,0.1702
17053961600,0.2763
17053961800,0.4989
17031611700,0.9131
17031611900,0.9669
17031650400,0.8218
17031671300,0.8668
17031690400,0.7617
17031720500,0.4803
17031800700,0.5892
17031800800,0.6585
17031802608,0.456
17031803613,0.473
17031804203,0.3803
17031804505,0.8548
17031804510,0.8133
17031812802,0.6264
17031815300,0.7042
17031815600,0.7547
17031815701,0.7624
17031819000,0.7624
17031820101,0.5522
17001001001,0.1695
17007010502,0.7341
17013951200,0.2072
17015960400,0.2631
17017960200,0.1147
17019005701,0.0451
17019005702,0.0091
17019005901,0.5411
17019005902,0.6076
17027900300,0.5457
17027900401,0.5002
17031020602,0.7788
17031031000,0.8701
17031050100,0.7018
17089852203,0.6401
17089852803,0.9588
17089854402,0.2846
17089854403,0.3098
17091011900,0.7727
17093890402,0.295
17093890404,0.1992
17093890502,0.2108
17095001100,0.6649
17097860811,0.5533
17097861008,0.207
17097861014,0.1968
17097861108,0.4551
17097861301,0.3709
17097861701,0.8347
17097862605,0.672
17097863100,0.9051
17097864307,0.3936
17097864402,0.3017
17115003000,0.3916
17117956000,0.3663
17117956500,0.2433
17119400904,0.7277
17119400951,0.4565
17119402804,0.2225
17119403601,0.3768
17119403702,0.3466
17121951700,0.3732
17123961100,0.3941
17125956300,0.2945
17125956700,0.3261
17131040200,0.379
17133600501,0.1468
17137951400,0.363
17137952200,0.3754
17141960900,0.4838
17143002701,0.745
17143003300,0.7285
17147954600,0.5827
17159978300,0.2493
17031230300,0.8817
17031230900,0.8756
17031241600,0.817
17031242500,0.711
17031242800,0.7438
17031280100,0.8881
17031290900,0.9543
17031291200,0.8454
17031400400,0.6881
17031410100,0.4654
17031411100,0.6445
17031811500,0.9826
17031812500,0.4429
17031813900,0.8021
17031814100,0.8162
17031816100,0.7831
17031817101,0.8516
17031817300,0.8582
17031819300,0.8316
17031819400,0.9467
17031820103,0.8924
17031820104,0.8102
17031821001,0.8188
17031821002,0.7354
17031821800,0.449
17031822000,0.6637
17031822601,0.6806
17031823400,0.9088
17031824126,0.5427
17031825503,0.4524
17031825504,0.2219
17031825802,0.8915
17031826100,0.8817
17031826401,0.9081
17031826402,0.8785
17197880426,0.1936
17197881005,0.1412
17197881900,0.8995
17197882802,0.7594
17197883304,0.7341
17197883522,0.3138
17197883806,0.2859
17197884005,0.2402
17199020802,0.1279
17201000103,0.5281
17201000105,0.3865
17201000200,0.5886
17201000513,0.5998
17201000700,0.6032
17201001000,0.9314
17201002301,0.5507
17201003100,0.4978
17201003602,0.2768
17201003605,0.398
17031807100,0.6292
17031808200,0.9326
17031810400,0.6535
17031810701,0.7054
17031810900,0.6755
17031812000,0.7654
17031812400,0.6167
17031814000,0.8036
17031818600,0.9332
17031819801,0.7912
17031820800,0.9906
17031822301,0.3938
17031822400,0.7177
17031823102,0.7608
17031823904,0.6189
17031824119,0.3513
17031824127,0.2988
17031824128,0.4361
17031824503,0.4863
17031824505,0.3764
17031824509,0.1835
17031823801,0.6093
17031823806,0.6694
17031824114,0.4378
17031825900,0.8835
17031828504,0.6405
17031828601,0.4255
17031830900,0.9288
17031831100,0.9422
17031833100,0.8967
17031834800,0.6781
17031837000,0.8432
17031842500,0.7566
17035972600,0.3417
17043840102,0.64
17043841312,0.9848
17043841801,0.5071
17043843100,0.9357
17043843602,0.5885
17043843700,0.754
17043845505,0.3735
17043845506,0.3315
17103000800,0.2749
17105960800,0.6439
17111871110,0.3464
17111871202,0.7591
17111871301,0.647
17111871304,0.7188
17111871312,0.5719
17113001700,0.4127
17113005202,0.2762
17113005601,0.2214
17115000900,0.8901
17115001500,0.6287
17115002100,0.8639
17119400200,0.9915
17119401901,0.8819
17119402721,0.2346
17119403801,0.2158
17121952600,0.3879
17123961500,0.427
17163500900,0.9427
17163503102,0.8502
17163503324,0.0644
17163504358,0.4891
17165955500,0.2651
17165955800,0.32
17167000400,0.8845
17167000700,0.6254
17167002900,0.1583
17173959400,0.3361
17175951400,0.489
17179021604,0.5652
17181950200,0.5332
17183001300,0.1085
17191955000,0.3986
17193958100,0.3047
17195000700,0.414
17197880106,0.225
17197880203,0.5638
17197880304,0.0597
17197883602,0.7782
17201000501,0.5871
17201000510,0.2569
17201001800,0.9464
17201002600,0.6281
17201003000,0.543
17201003711,0.9178
17203030300,0.6196
17203030502,0.375
17055040400,0.3293
17055040600,0.6076
17061973600,0.3472
17063000102,0.7242
17063000200,0.78
17063000400,0.534
17063000500,0.6377
17063000700,0.6277
17067954200,0.3188
17073030202,0.3348
17073030302,0.5669
17077010100,0.5652
17077010602,0.5262
17077011100,0.6194
17079977500,0.2776
17081051100,0.8733
17087980000,0.2554
17089850101,0.1204
17089850106,0.4946
17149952600,0.5727
17155954600,0.473
17157950700,0.6591
17161021000,0.3403
17163501602,0.5279
17163501604,0.462
17163502500,0.8522
17163502800,0.7521
17163503301,0.4306
17163503412,0.5404
17165955600,0.7506
17165956000,0.1815
17167002100,0.1729
17167003500,0.2558
17167003801,0.464
17177000200,0.2951
17177000900,0.116
17179022100,0.3952
17183000900,0.6977
17195000600,0.7001
17195001200,0.517
17115001801,0.3513
17117956200,0.3199
17117957000,0.3211
17119400700,0.976
17119401000,0.8994
17119401721,0.4985
17119403001,0.2344
17119403122,0.172
17119403200,0.4556
17123961400,0.4505
17141961002,0.2659
17143003900,0.346
17143004901,0.7018
17143005000,0.8389
17143005100,0.699
17151971300,0.1272
17161020101,0.5643
17161021400,0.8872
17161021600,0.7763
17163503800,0.8546
17197882400,0.887
17197882701,0.559
17197883000,0.9094
17197883100,0.8652
17197883219,0.4543
17197883504,0.6485
17199021002,0.6709
17199021400,0.8423
17201000401,0.4291
17201000502,0.2829
17201002200,0.9672
17055040500,0.767
17057952800,0.2723
17135957300,0.233
17141961100,0.625
17197881301,0.9093
17197881800,0.9267
17197882100,0.6767
17197882300,0.8478
17197882500,0.8934
17197883214,0.5411
17197883401,0.7972
17197883507,0.2444
17197883513,0.321
17197883519,0.3327
17197883804,0.4398
17197883808,0.1527
17197884006,0.2469
17199020600,0.5112
17199020700,0.6522
17201003808,0.6267
17115001802,0.4612
17115002002,0.7855
17115002500,0.4338
17115002601,0.3742
17115002800,0.4703
17119401200,0.9244
17119401701,0.6039
17119402100,0.6435
17119402500,0.7799
17119403531,0.2701
17121952200,0.5822
17125956500,0.6407
17133600104,0.507
17137951500,0.5672
17143000200,0.7315
17143004400,0.5913
17151971200,0.2479
17161020103,0.5847
17161020600,0.8953
17161021900,0.7189
17161023100,0.5662
17031804606,0.3996
17031804710,0.2369
17031804714,0.4878
17031805401,0.4734
17031805501,0.5448
17031805901,0.7443
17031808100,0.8645
17031808702,0.8092
17031809100,0.6508
17031810501,0.4877
17031813000,0.6115
17031813400,0.8138
17031814200,0.9153
17031821600,0.606
17031821700,0.533
17031822102,0.5164
17031823304,0.8082
17031823901,0.5898
17031824107,0.1846
17031824123,0.3741
17031829902,0.3138
17031830008,0.7508
17031831300,0.8401
17031832400,0.8217
17031834200,0.6497
17031834300,0.7951
17031839700,0.9389
17031842000,0.8672
17031843900,0.6351
17031844600,0.801
17033880200,0.3803
17037000900,0.323
17043841109,0.7369
17043841313,0.8322
17043841321,0.3282
17043841501,0.9936
17043841607,0.8833
17043841706,0.4533
17043843000,0.8639
17177001300,0.5205
17179020500,0.6187
17179021201,0.3593
17031480300,0.8676
17031530200,0.823
17031530600,0.9011
17031560400,0.9703
17031570400,0.9877
17031580600,0.9655
17031611300,0.9539
17031611800,0.9711
17031630900,0.944
17031670200,0.8686
17031671400,0.8746
17031671600,0.8526
17031691100,0.8779
17031710400,0.8817
17031720600,0.4879
17031730202,0.7611
17031730400,0.7351
17031730500,0.7497
17031750100,0.5015
17031750300,0.3656
17031802002,0.4242
17031802404,0.7856
17031803901,0.6519
17031804701,0.4864
17031810702,0.5721
17031813801,0.9262
17031814600,0.6498
17031815400,0.7075
17031819200,0.9317
17097864517,0.4228
17097864524,0.4784
17097864904,0.6726
17097865700,0.6943
17097865802,0.82
17099962800,0.8732
17099963000,0.9734
17101881100,0.5209
17103000600,0.7449
17105960100,0.6809
17105960700,0.6232
17107953300,0.6916
17109010200,0.316
17111870301,0.3863
17111870811,0.2135
17111871305,0.5588
17111871404,0.1706
17113000107,0.3405
17113000302,0.5871
17113000504,0.468
17161024200,0.8903
17163501200,0.9516
17163501501,0.4948
17201003400,0.5174
17201003601,0.6218
17201003604,0.5075
17201003706,0.9697
17201003901,0.1339
17201004002,0.6419
17201004005,0.4092
17097864105,0.3864
17097864306,0.4288
17097864518,0.4471
17097865000,0.434
17097865300,0.5683
17097865801,0.7247
17105960500,0.7203
17107953500,0.577
17109010300,0.3884
17109011100,0.2416
17111870104,0.3884
17111870105,0.4883
17111870200,0.6604
17111870807,0.5294
17111870808,0.5577
17111871105,0.1029
17111871113,0.1381
17113000501,0.3781
17113001105,0.1944
17113001303,0.3994
17113001500,0.4202
17115001600,0.7534
17115002700,0.1588
17119400101,0.9788
17031824507,0.3501
17031825505,0.4611
17031826000,0.9688
17031828503,0.7095
17043842900,0.8143
17043845703,0.3227
17043845803,0.9962
17043846105,0.6577
17047957000,0.3508
17049950100,0.3462
17055040900,0.6682
17057953500,0.555
17057953700,0.7208
17063000900,0.345
17071973400,0.5514
17089851102,0.744
17089852104,0.7614
17089852906,0.7806
17089854900,0.6971
17091010100,0.523
17091010601,0.2781
17091010602,0.6939
17091011000,0.3258
17091011800,0.7468
17093890202,0.8277
17093890403,0.456
17097861304,0.4726
17097861604,0.3336
17163504355,0.1667
17167001100,0.1051
17167003604,0.2786
17167003701,0.3656
17173959500,0.2201
17181950400,0.358
17183000100,0.5693
17183000500,0.2072
17183010600,0.6725
17183010702,0.2987
17183010800,0.3439
17191954900,0.2799
17193958200,0.8131
17197880408,0.2928
17197880502,0.8915
17197881202,0.4704
17197881402,0.8146
17197883303,0.4305
17197883305,0.7724
17197883307,0.6113
17197883603,0.6855
17043844100,0.7879
17043844901,0.418
17043845507,0.6427
17043845901,0.9737
17097861609,0.2871
17097864109,0.5135
17097864408,0.4517
17097864412,0.2904
17097864513,0.7337
17097865200,0.4587
17097865501,0.6283
17097866000,0.6226
17099962300,0.9379
17099964100,0.4085
17101880700,0.7887
17109010402,0.3846
17111870809,0.4152
17111871114,0.4343
17111871115,0.538
17111871207,0.1687
17111871208,0.1038
17111871209,0.6344
17113000506,0.1098
17113002102,0.3302
17115000400,0.7479
17115000501,0.6457
17115000502,0.7583
17115002901,0.1092
17119401500,0.9539
17119403101,0.5522
17119404100,0.9463
17125956400,0.5076
17125956600,0.4665
17135957400,0.3104
17137951600,0.6433
17137951700,0.5668
17141960700,0.2112
17141961600,0.8386
17143001300,0.7253
17143002900,0.3005
17161022000,0.5281
17161023300,0.8167
17161024000,0.366
17163501801,0.3522
17163502404,0.8068
17163503906,0.2593
17167000201,0.1769
17167001001,0.0585
17167001800,0.6065
17167002400,0.4158
17167002500,0.6072
17177000800,0.514
17031819802,0.7464
17031820000,0.755
17031822302,0.4809
17031822802,0.3216
17031823705,0.8164
17031825801,0.9223
17031826600,0.8655
17031826700,0.8234
17031826901,0.6991
17031827300,0.8263
17031828201,0.6004
17031828300,0.81
17031828401,0.5807
17031832300,0.9248
17031834700,0.8343
17031835100,0.921
17031837100,0.8043
17031841900,0.8819
17031843200,0.9435
17065973300,0.3944
17073030800,0.4084
17073030900,0.2885
17077011001,0.0512
17085020402,0.6916
17087977700,0.2493
17089850201,0.1544
17089850500,0.6894
17089851910,0.5652
17089851911,0.249
17089854002,0.8232
17089854301,0.5706
17091010201,0.4678
17091010400,0.3955
17091012300,0.8038
17093890601,0.3136
17095001000,0.6426
17095001500,0.2244
17097860302,0.468
17097860806,0.5358
17097861107,0.3864
17179021000,0.6738
17179021500,0.4169
17179021605,0.3753
17179022200,0.3874
17179022300,0.2743
17179022400,0.2143
17183010500,0.6819
17197880113,0.8293
17197880318,0.049
17197880325,0.2946
17197880412,0.5992
17197881002,0.1306
17197883206,0.7985
17197883521,0.318
17197884103,0.9382
17201000511,0.2634
17201000516,0.3896
17201003707,0.8361
17201004003,0.6611
17113001302,0.3573
17113001404,0.2595
17115000300,0.6988
17115001300,0.5621
17163504001,0.2564
17163504352,0.4153
17163504353,0.3221
17163504502,1
17167003300,0.4577
17177000100,0.1831
17177000500,0.29
17177000700,0.5305
17179021802,0.7894
17187870400,0.7616
17187870500,0.7962
17189950400,0.4832
17191955300,0.5528
17193958400,0.2002
17195001300,0.2151
17197880116,0.2141
17197880322,0.1447
17197880432,0.1078
17197883505,0.5113
17197883510,0.5458
17201000101,0.4899
17201000104,0.6542
17201002302,0.7472
17201002500,0.6817
17197883809,0.49
17197883904,0.5324
17199020201,0.561
17097862401,0.9797
17097862700,0.8454
17097863201,0.938
17031650302,0.964
17031671200,0.7544
17031690300,0.7492
17031690500,0.7495
17031700501,0.8436
17031760803,0.7457
17031770400,0.9196
17031800200,0.6631
17031801608,0.6792
17031802003,0.5298
17031802503,0.6263
17031802505,0.9439
17031803612,0.3302
17031803615,0.2914
17031804316,0.3672
17031804406,0.8791
17031804511,0.7693
17031804715,0.1929
17031804806,0.406
17031805202,0.8514
17031810100,0.5739
17031811402,0.9257
17031811600,0.9755
17031812600,0.5464
17031827902,0.8812
17031828505,0.7051
17031829100,0.9024
17031829903,0.2251
17031830202,0.5575
17031833900,0.8097
17031836000,0.6031
17031836700,0.757
17031838700,0.9364
17031841100,0.7654
17033880100,0.2357
17037000200,0.6921
17037000500,0.4194
17043840202,0.3828
17043840303,0.7185
17043840703,0.9877
17043841316,0.596
17043841902,0.4809
17043842602,0.398
17043844002,0.8493
17043845509,0.4046
17043846203,0.2256
17043846409,0.8467
17043846504,0.7433
17043846207,0.1591
17043846305,0.489
17043846509,0.3975
17043846515,0.513
17043846518,0.3275
17051950800,0.7496
17059972700,0.4647
17061973700,0.3667
17067954100,0.2787
17073030201,0.4902
17073030400,0.4781
17073030600,0.6099
17077011002,0.2711
17081050900,0.4425
17089850202,0.282
17089850709,0.1292
17089850711,0.1422
17089851912,0.2326
17089852101,0.3422
17089852903,0.8474
17089854509,0.7379
17091010204,0.4655
17091010702,0.6414
17091010800,0.6288
17007010101,0.87
17011965600,0.6108
17017960500,0.0983
17019000901,0.6189
17019000902,0.3636
17021958700,0.4886
17027900403,0.4823
17029000100,0.3087
17029000701,0.0867
17031010701,0.7975
17031020801,0.779
17031030604,0.791
17031051200,0.9269
17031060200,0.6427
17031070200,0.7752
17031071300,0.8211
17031080100,0.8922
17031081600,0.9069
17031420300,0.6256
17031490500,0.9191
17031510200,0.9301
17031520200,0.9816
17031530300,0.596
17031530400,0.6044
17031570200,0.9619
17031600600,0.8738
17031610300,0.963
17031630800,0.9533
17031640100,0.7812
17031650100,0.9668
17031681400,0.8439
17031691000,0.8722
17031700100,0.8581
17031710500,0.8793
17031710800,0.8176
17031730100,0.7826
17031730201,0.77
17031750600,0.5963
17031802504,0.9474
17031802607,0.6275
17031803300,0.3163
17031804312,0.2849
17031826500,0.8416
17031829000,0.8727
17031835500,0.949
17031836100,0.6464
17031836900,0.7882
17031839800,0.9599
17031841000,0.7188
17031841200,0.9299
17031841500,0.8495
17031841800,0.7111
17035972500,0.5055
17043840910,0.594
17043841103,0.8597
17043841108,0.8483
17043841207,0.9311
17043841209,0.8522
17043841307,0.1852
17043841323,0.3064
17043841326,0.6483
17043842601,0.5736
17043842605,0.5844
17043842703,0.2995
17043842706,0.5969
17043842708,0.4001
17019000700,0.705
17019005500,0.4668
17019010901,0.4077
17021958300,0.9761
17027900100,0.2179
17027900602,0.3931
17031010702,0.7625
17031020802,0.8427
17031030603,0.9307
17031031502,0.7383
17031050900,0.8542
17031060400,0.6517
17031062700,0.9051
17031070102,0.6777
17031071500,0.827
17031191100,0.8525
17031221300,0.7909
17031251600,0.9276
17031260700,0.9635
17031300800,0.8349
17031310300,0.7821
17031100500,0.6885
17031110502,0.8113
17031140301,0.6576
17147954700,0.4133
17157951300,0.6184
17159978200,0.5328
17161024102,0.4579
17163503322,0.3707
17163503323,0.145
17163503905,0.3581
17163503907,0.1967
17163504002,0.2729
17163504501,0.9653
17165956100,0.1424
17167000600,0.4809
17167003601,0.1397
17171970700,0.2268
17179020302,0.687
17179020900,0.7808
17179021702,0.2788
17183000200,0.3757
17183000400,0.6424
17183001200,0.3847
17183010701,0.7793
17187870300,0.716
17195000800,0.2356
17195001102,0.5885
17031400500,0.7496
17031430400,0.6322
17031431200,0.6459
17031440300,0.8938
17031440600,0.8589
17031460100,0.9465
17031460500,0.6528
17031480100,0.7486
17031611400,0.9659
17031640700,0.957
17031670400,0.8819
17031681300,0.8781
17031691300,0.8033
17031720300,0.5263
17031720700,0.5654
17031740300,0.2285
17031750200,0.409
17031760801,0.7643
17031760802,0.9629
17031801601,0.6739
17031802605,0.802
17031803012,0.2321
17031806201,0.8456
17031806600,0.8997
17003957600,0.4252
17005951500,0.6242
17007010601,0.6209
17019001000,0.544
17027900500,0.4764
17031010400,0.7632
17031020400,0.8062
17031020702,0.6002
17031030701,0.9173
17031031300,0.6392
17031031400,0.6123
17031031700,0.7501
17031061100,0.6632
17031063000,0.6967
17031063301,0.7435
17031070300,0.7668
17031081100,0.906
17031081401,0.9671
17031090100,0.6902
17031120300,0.823
17031130200,0.7329
17031804807,0.8126
17031805301,0.6632
17031805402,0.6007
17031805902,0.6519
17031806801,0.6498
17031807500,0.8995
17031807700,0.8324
17031809800,0.4996
17031809900,0.3307
17031810502,0.4819
17031811100,0.885
17031813301,0.9273
17031813701,0.9236
17031813802,0.9141
17031814700,0.6565
17031814800,0.6452
17031818700,0.838
17031819900,0.8259
17031822200,0.6208
17031824601,0.5535
17031825303,0.4744
17031825600,0.7251
17031827801,0.8772
17031828202,0.4475
17031821500,0.9223
17031822500,0.5877
17031823500,0.8242
17031824115,0.2865
17031824116,0.3979
17031824602,0.4974
17031825304,0.6993
17031826301,0.8577
17031828508,0.5297
17031829600,0.5009
17031831700,0.8432
17031831800,0.8046
17031834500,0.7539
17031836500,0.5987
17031842300,0.9036
17031843100,0.942
17041952300,0.4506
17043841004,0.8109
17043841112,0.6884
17043841113,0.7288
17043841204,0.9156
17043841318,0.3182
17043841325,0.3355
17043842200,0.3621
17179021606,0.221
17191955200,0.6496
17195000100,0.3766
17195001400,0.5872
17195001600,0.5025
17197880115,0.5829
17197880123,0.269
17197880411,0.5578
17197881001,0.4036
17197881007,0.1666
17197881011,0.1293
17197881112,0.7194
17197881700,0.523
17197882200,0.6496
17197883213,0.759
17197883903,0.5841
17199020202,0.1338
17199020300,0.5728
17031844700,0.9554
17037000300,0.5838
17037000401,0.2569
17037000600,0.497
17037001002,0.3215
17037002200,0.37
17041952000,0.2285
17043840706,0.9423
17043840906,0.7501
17043840908,0.8783
17043841210,0.8644
17043841310,0.6614
17043841403,0.6878
17043841708,0.5511
17043842000,0.4395
17043842709,0.6287
17043844306,0.4593
17043844308,0.5659
17043845100,0.677
17043846312,0.6561
17199020900,0.4163
17199021001,0.5324
