county_fips,reporting_year,tri_facility_id
17199,2022,6295WSPMRN45PRI
17019,2022,61802LDRCH1302W
17031,2022,6010WTRLLB91PHE
17141,2022,61068STHST100AV
17157,2022,62233CNGRNWATER
17119,2022,62002CNGRN145WB
17031,2022,60193MRCRY121SM
17043,2022,60139WBSTR704EF
17031,2022,60076KWBTT3555H
17143,2022,61523CHLLC4507E
17031,2022,60067HHCHM641SO
17161,2022,61275SNDST224SM
17081,2022,6286WNTNLR11SHA
17031,2022,60153LTHGR2445G
17031,2022,6013WKLNDT114KI
17117,2022,62069MNNLM415EM
17111,2022,60142MDWST11213
17089,2022,6050WFBRBS138GR
17105,2022,61364PBDYM1621S
17001,2022,62301HRRSC3200W
17163,2022,62220BLLVL100PR
17111,2022,60102WCNDT821WE
17099,2022,6135WNNCHM535DN
17097,2022,60085SGNLC14451
17145,2022,62832HCKSLMILLE
17097,2022,6000WSKCHM95ANI
17043,2022,60559MRCNC40CHE
17029,2022,61920VSVSS955N5
17115,2022,62525DCTRF1745N
17099,2022,61354WHMZC100SO
17043,2022,60191MSTRS890LI
17031,2022,6060WZNGCH2525A
17031,2022,6013WZNGWV1545W
17031,2022,6001WZNGRD2WJAR
17099,2022,61341TXSGLUSROU
17031,2022,6052WZNGBR55JLI
17031,2022,60614ZNGCH2001N
17031,2022,60616ZNGCH2255S
17031,2022,6063WZNGRD6445S
17031,2022,60608HKRMR1359W
17043,2022,60188MYRMT45EST
17031,2022,60439ZNGLRSTEPH
17197,2022,60448ZNGLR18825
17197,2022,6043WZNGRD54RAI
17089,2022,6053WZNGRD122SU
17031,2022,6080WZNGRD1266S
17091,2022,6095WZNGRD6141N
17111,2022,60102MYRMT111IL
17111,2022,6005WZNGRD1819D
17111,2022,6015WMRNGY924SR
17097,2022,60044MYRMT3285N
17089,2022,60177MYRMT125SR
17037,2022,6017WZNGRD284MA
17197,2022,6044WCLMTC19697
17031,2022,60411PCCHM400E1
17115,2022,62521NTRNT66WIM
17031,2022,60622MLNDN1424N
17197,2022,6049WSRTGF771WC
17179,2022,61550MRTNM4DETR
17179,2022,61550MRTNM1021W
17043,2022,60188KNSCS475RA
17043,2022,6053WCTSXX4925I
17031,2022,60618SWTCH5555N
17099,2022,61360JHNBW524EU
17201,2022,6110WTRGTL2433F
17043,2022,60185CLRTL530IN
17031,2022,60645NYLKC6465P
17197,2022,60449TRTNM5700T
17031,2022,6062WGLBLM2825W
17031,2022,6060WTNNNT112WE
17161,2022,61201PRCSN165FI
17043,2022,60143NTNLN16GLE
17037,2022,60552DRCST15SGR
17031,2022,60622NVRSL1523W
17043,2022,60515RRWGR231CU
17089,2022,60510SHPDW900DO
17091,2022,60915RMRPHRT50A
17031,2022,60455SGNDC7701W
17031,2022,6080WCCRDC65161
17031,2022,60056SNPRC1660K
17159,2022,62450PRRFR217WE
17031,2022,60090NGSCR105HI
17089,2022,60134BRGSSSOUTH
17031,2022,60176CLCND3900W
17031,2022,6005WLFWYF6431A
17089,2022,60140WRMDWALLEN
17141,2022,61068SLGNC400N1
17167,2022,6270WSLMNC45NCL
17043,2022,6000WSNNCH241AM
17089,2022,60134NDSTR501FL
17095,2022,61402GTSRBKNOXV
17197,2022,60410DWCHMI55AR
17161,2022,61254BPNCXHIGHW
17031,2022,60614WSTRN3636N
17119,2022,62040PRRFR1800A
17177,2022,6103WSTRMN181SI
17201,2022,61125PRCSN1111S
17201,2022,6111WCQMFG8155B
17097,2022,60031GLLGH3966M
17029,2022,61938NMTNCEASTR
17031,2022,60406WCRCH3555W
17111,2022,60014KNCKM420ET
17147,2022,61856VBNCR226WE
17031,2022,60162DYNMC4211W
17031,2022,6016WDYNMC43WMA
17031,2022,6016WDYNMC181N3
17043,2022,6017WRHTNC41GAR
17031,2022,6016WDYNMC421RA
17031,2022,60455VNNRM9615S
17031,2022,60609RNMNT329WP
17201,2022,61102NRTHR716CE
17201,2022,61102MLLRP2110O
17201,2022,61104HLDXB22221
17037,2022,60178DRVLK114PA
17201,2022,61109MTHYD471KI
17197,2022,6044WLCKPR351SU
17163,2022,62240KMPNPPOBOX
17119,2022,62040GRNTC1020N
17091,2022,60915CRWNC1035E
17183,2022,61832LBNNCBOX64
17043,2022,60521MDNSC210WE
17031,2022,60164DYNBR65EAS
17031,2022,60076RGRSM7330N
17197,2022,60423NRWDM250IN
17063,2022,60450SPNGC902AR
17199,2022,62959DGRPH5307M
17195,2022,61081FRNTZ3201W
17111,2022,60071GRDNC5710K
17043,2022,60188GRLNN170TU
17097,2022,60085CRLNC135LE
17089,2022,60142WBRST11811
17111,2022,60021GRVPL400AL
17021,2022,62568GSRGP1200E
17097,2022,60030SRGPT301ZI
17097,2022,6004WMRCNM28893
17097,2022,6004WMRCNM1342R
17031,2022,60525BVRLC6037L
17201,2022,61103SPCLT2801H
17031,2022,60090RXSLD634GL
17043,2022,6018WNTPRF795KI
17043,2022,60101RNDST381AR
17197,2022,6041WMRCSS26332
17167,2022,62707SRFRC3101J
17097,2022,6008WVCNNT321ND
17043,2022,60504MDWST3737E
17031,2022,60607RLBLP1538W
17043,2022,6018WBLCHF12NUC
17043,2022,60185HLBLC1400N
17031,2022,60062CMDCS3610C
17121,2022,62801NVRSLOLDRT
17145,2022,62832CBLCTUS51S
17099,2022,61364STRTR175NS
17031,2022,6060WWLSCH233SM
17195,2022,6108WWHLCL29NLC
17111,2022,60156DVNCD14WAL
17197,2022,6043WWLSCH86GAR
17197,2022,6058WWLSCH2W135
17197,2022,6042WWLSCH1175V
17089,2022,60554FNSHSWHEEL
17075,2022,60938NCBRS540EU
17179,2022,61554QKRTS1650S
17033,2022,62451LNCLN146N1
17143,2022,6154WCRNPR831WR
17063,2022,6045WTRSTT1362B
17091,2022,60901HNKLCSKENS
17119,2022,62060SPCTRCOLLE
17197,2022,60436RVNCCI55FR
17031,2022,60106DCRGR1077S
17037,2022,6017WDLNDS18SPR
17031,2022,60104GJNKL2830W
17043,2022,60185NSGPR1850W
17149,2022,62363RCNCXRTE2B
17043,2022,6013WPNTRF14MUI
17043,2022,60101SGMMT315FA
17037,2022,60146TMMSN3835S
17163,2022,62243SMNSM410WE
17201,2022,61080CLBNCHWY25
17189,2022,62263NSCTNENTER
17031,2022,6061WGSSLN18WFU
17031,2022,60007MTLMP1501O
17119,2022,6204WGTWYP2CENT
17031,2022,60610WTRSV701WE
17043,2022,60101MRGNH701FA
17031,2022,60525PNCXX8400J
17001,2022,62301JMHBR3150G
17201,2022,6111WRCKFR58IND
17031,2022,60411TRLCN900E1
17063,2022,60450QNTMC8805N
17053,2022,6093WNRTHN22NRT
17105,2022,60921NCHLSRT24E
17197,2022,60449STHHL26100
17145,2022,62274GSMTL3764L
17031,2022,60646PRCSN4123W
17031,2022,60005DSPLN1605A
17163,2022,62201GNRLC2500K
17093,2022,6054WMDWST2326E
17111,2022,60014GMMFG400SM
17043,2022,60439SDRGN9700S
17031,2022,60473GBRLT114E1
17043,2022,6017WLCTRF35CHA
17043,2022,60172LCTRF222WC
17097,2022,60085PFNST1219G
17143,2022,61602CSTTC1100S
17017,2022,62618KNTFDHWY12
17111,2022,60013FLXCN165CH
17201,2022,61109KNTFD1612S
17031,2022,60623MYRST2000S
17007,2022,61016PSNCM666US
17031,2022,60130DRCNC7400W
17201,2022,61104TSTRC440BL
17031,2022,60007MPLNC925ES
17201,2022,61111PRGRS922LA
17119,2022,62040PRCTM25NOR
17119,2022,62040MDWST9KONZ
17085,2022,6102WTSSND16677
17097,2022,60044HLPRC601NS
17089,2022,60174SWFTC410KI
17197,2022,6041WDVRSF24338
17043,2022,60185BLKML1600P
17177,2022,61032MDRNP701SH
17187,2022,61401HTCNT1721U
17197,2022,60401HRNDS30553
17103,2022,61021LLDLC1088C
17119,2022,62002LCLDSCUTST
17051,2022,6283WSSRTH11WWA
17189,2022,62263GRWMR17815
17063,2022,60450KZCHMTABLE
17043,2022,60188BNNRS494EL
17031,2022,60425DBRCH333W1
17163,2022,62223RHWST1501W
17195,2022,61252GRKNG18246
17089,2022,6012WLGNND11JAN
17025,2022,62839NRTHM20IND
17029,2022,6193WNRTHM351JU
17045,2022,61944NRTHM2277S
17179,2022,6155WWNPKH1821R
17043,2022,60188RGRSC171WS
17201,2022,61103DNFDS1126K
17161,2022,6120WRLCXX29295
17161,2022,61201RCKSL1321S
17099,2022,61301LLNSCLIBER
17099,2022,6136WNVBFL614SH
17031,2022,60131NTDRF3700N
17031,2022,60062MJRRF455AC
17101,2022,62439TMTVT100TR
17031,2022,60411CTDFL500ST
17201,2022,61109DMNDH3691P
17143,2022,61607SRFRC2416S
17031,2022,60007PRFNS2200E
17201,2022,6111WWDWRDNEWDW
17163,2022,62202CHMTC3500M
17031,2022,60633WLDDT1855E
17195,2022,6107WFHGRP33EAS
17197,2022,6044WJRNBR455GI
17097,2022,6004WMRGNB34EAS
17197,2022,60439NCLCH317WE
17019,2022,61866GLWNG400SH
17179,2022,6157WBTDMN118MU
17031,2022,60090SNNYS225CA
17007,2022,61008TPTTP826EA
17037,2022,6011WNFDWR338WU
17043,2022,6014WKSTRN94WTH
17031,2022,60153LKYMN2700S
17099,2022,6134WMRSLL17ARM
17037,2022,60115NHRNG813EL
17141,2022,61061BRDNNWHITE
17141,2022,6106WFRGGR14SMA
17031,2022,6016WNVRTC18N25
17063,2022,60450RCHHLCOLLI
17043,2022,6018WHRTHS72CEN
17031,2022,60638THSTH7201W
17139,2022,6195WBRDRT91WJE
17031,2022,60658FRSTB13160
17145,2022,62832LLNSM1135I
17031,2022,60638MTLMT72SNA
17043,2022,60106CRCMN55WMA
17119,2022,62048CLRKLHAWTH
17031,2022,60018WSTGR1855S
17019,2022,61802MLSCT705EU
17203,2022,61742DMXXXPOBOX
17031,2022,60411CHCGH211EM
17111,2022,60152RNLDN300WE
17089,2022,60134JHNSN300SO
17043,2022,6018WBNRPL15ATL
17037,2022,60178SYMRF917CR
17091,2022,60901NCLCH1400H
17111,2022,60072HNTSM5015B
17097,2022,60002VHCLM151SR
17043,2022,6018WDSCNT25ENT
17089,2022,6051WDSCNT1789H
17179,2022,61550PRCLC1651N
17089,2022,60510DTPCK1500P
17089,2022,60538WLLMF1200S
17031,2022,60411CMBST333ST
17031,2022,60803DBRTC1271S
17111,2022,60071SRGPT5205R
17095,2022,61401KPPRSHIGHW
17097,2022,60085CSMDF1160N
17043,2022,6018WNHNCX1733D
17019,2022,61802GRDNW601GU
17163,2022,62206STSTL3300M
17197,2022,60449BMBMFUSRTE
17019,2022,61821MRTHN511SS
17031,2022,60104HFRMB941CE
17015,2022,61046MDLLN15NRC
17141,2022,61068FDLFDPOBOX
17157,2022,62217LLNSP1901B
17197,2022,6044WPRSNX26E17
17177,2022,61018BRNRC2034C
17015,2022,61074LKYMN64PEN
17031,2022,60650CCRTN3130S
17031,2022,60104BRGWR700SO
17031,2022,60053JHNCR6400W
17119,2022,62249NTRBS1ULTR
17041,2022,61953CBTCRROUTE
17031,2022,60408VLVLN8450S
17201,2022,61132GVTNX1354C
17077,2022,62901TSTPN2200N
17119,2022,62024LNCRPSHAMR
17197,2022,60436CHRMC4166M
17097,2022,6008WBFLBS1731S
17177,2022,61032KLLYS3769R
17097,2022,6008WMRCNB355BI
17197,2022,60434GLVNZ625MI
17111,2022,6009WVRTQC1592N
17143,2022,61656NRRHN6718W
17103,2022,61021GLVNZ310EP
17031,2022,60623CNTRL3200S
17131,2022,61231MMNGR217SE
17091,2022,6090WCMCCT78EAS
17197,2022,60481DWCHM91EKA
17183,2022,6183WRGDNV3NAND
17001,2022,62305PRNCG4618G
17001,2022,6230WPRNCG221PR
17031,2022,60650GRDNR4718R
17031,2022,60007PNRYC1801E
17105,2022,61764NTHNY1037W
17119,2022,6206WBNGBN395BI
17043,2022,60515LVJYN2655W
17197,2022,6040WDTCHM1362D
17031,2022,60202CNHFF221LE
17007,2022,6100WCMCRB2595T
17015,2022,61074MTFRM7034I
17015,2022,61074MTFRM2551W
17015,2022,6105WDRTMT95SJA
17127,2022,62953MSSRPCOUNT
17089,2022,60174MRNTM3709O
17089,2022,60505HRDCR1900P
17031,2022,60620WBCXX8400S
17099,2022,61350LBBYWCENTE
17031,2022,60445CRWNC471W1
17103,2022,61021RYNRG1101E
17097,2022,6004WGRMRC1275E
17089,2022,60123MRCNN1500H
17031,2022,60176MRCNN9515W
17031,2022,60005BRKND511WA
17119,2022,62040GRNTC20THS
17139,2022,61911SCHRC217SO
17057,2022,61484VRMNT29NMA
17143,2022,61641KYSTN7000S
17089,2022,60510FRMNTKIRKR
17029,2022,61938KLKNFPOBOX
17031,2022,60622PRRMT865NP
17019,2022,61802FLXNG136EU
17031,2022,60609MRCNN1101W
17197,2022,60446NNPHS1319M
17201,2022,61072TYLRC750NB
17031,2022,60439KSTLC15185
17031,2022,60018PRRMT385ET
17043,2022,60101PRRMT799SR
17031,2022,6016WFRGDF11631
17119,2022,62048CNCNC2150S
17089,2022,6051WVCNPR12511
17089,2022,60538RCHST2200R
17031,2022,60608PRRMT33SCA
17031,2022,60025PRRMT29LDW
17031,2022,6045WVCNPR761W7
17031,2022,60007HSNRH670GR
17089,2022,60118PRRMT56RCK
17097,2022,60085MDLND17EWA
17107,2022,62656TNCRPRR2XX
17179,2022,61554HNNST220HA
17031,2022,60609CDPRD6W41S
17043,2022,60126KRGRN900IN
17141,2022,61061WDSDVR2XXX
17031,2022,60090SGRDH1351S
17031,2022,60007MTRNC2001L
17031,2022,6063WCRNLL6666W
17197,2022,60436KMLTX4050C
17031,2022,60007CNCHC1501M
17031,2022,60090LNGDN788TU
17031,2022,6000WCMPND153LU
17119,2022,62040MRCNS1700W
17201,2022,61109JMPLT4500K
17161,2022,6120WNPRSL42218
17197,2022,60434LCNTYROUTE
17031,2022,60107LMNMC501EA
17143,2022,61607DDWRD7800S
17127,2022,62953LCTRC2100P
17043,2022,60101SWDNC910ST
17023,2022,62441TRWTR902SS
17199,2022,62959STHRN11543
17099,2022,61350BRGWRCANAL
17111,2022,60180TCHLLOLSON
17031,2022,6047WHRCRS1731C
17119,2022,6206WSTLSS2ACCE
17097,2022,6009WZNNRG9THST
17043,2022,60185NXNTL1860W
17031,2022,60650CJSPR3119S
17043,2022,6051WMRYCR1MREY
17201,2022,61103NGRSL707FU
17163,2022,62206LDCST3414H
17043,2022,60185RCNCL675WE
17097,2022,60061PRRMT12NBU
17113,2022,6175WLDCST1EDIX
17099,2022,61341LDCST2658E
17113,2022,6170WPRRMT917EA
17043,2022,60521NNPHS453CO
17197,2022,6042WNDRSN255EA
17031,2022,60007PRFCT775MO
17031,2022,60162CNDZN4161B
17073,2022,61434DXLNC26SW4
17043,2022,60101BTZLB333SO
17121,2022,62801SWNCROLDRT
17031,2022,60007CHMPL1990E
17055,2022,62896CRWNL11884
17031,2022,60007PNDST1250M
17031,2022,6000WCHMPL18TUH
17031,2022,60007PMSCN2400E
17141,2022,61049SWNSNLINDE
17031,2022,60419CLMTB14610
17095,2022,61401NTNLCRTE15
17163,2022,62269LNDSN610ES
17161,2022,61256MCKYS4075T
17201,2022,61102DLPHN892SO
17163,2022,62222SCTTR701HA
17079,2022,62448MRNCR6725N
17031,2022,6063WHNKLT65W51
17113,2022,61702BRDGSVETER
17201,2022,61125RCKNL53091
17111,2022,60012MTHWS500IN
17119,2022,62249BLNSY509WE
17041,2022,61911CLSSC520E2
17031,2022,60007BLRMN2201L
17111,2022,60014JHNCR2931B
17031,2022,60632GLDGL4400S
17113,2022,61701CRGLL115SE
17031,2022,60131SLNVL10500
17041,2022,61911CHVRH1485S
17043,2022,6051WRXNRD24CUR
17005,2022,6224WFCGRN1USHW
17031,2022,60618CNTRY2939N
17201,2022,61115PRKRH1711N
17089,2022,60542RRPMP800AI
17091,2022,60901DYTNS2150B
17043,2022,6010WDPGMC311LN
17107,2022,62634LKHRTELKHA
17043,2022,60007SPCLT25002
17031,2022,60651CHRMM4645W
17031,2022,60090WLNDM567NO
17031,2022,60429PRRMT122W1
17197,2022,60487TLSPT8351W
17183,2022,61834LLDSGNO5BR
17131,2022,6123WMMFXX82SE1
17197,2022,6040WVCNPR19515
17197,2022,60441PRRMT149JL
17043,2022,60191GMDCS789NC
17029,2022,61920THCLT1255N
17197,2022,60434MCCHM12MIL
17031,2022,6052WVPKNC5321D
17197,2022,60436PLLCL1550M
17115,2022,6252WVCNPR8EAST
17179,2022,6155WVCNPR775WB
17019,2022,6182WVCNPR328WS
17121,2022,62881RDCBR1015S
17031,2022,60639TMTCS4940W
17031,2022,60007XCLLL2425A
17031,2022,6013WPLTNG11142
17043,2022,6019WNVTRN6WHEB
17177,2022,61048DKNSN4350W
17031,2022,60648STMSN7542N
17163,2022,62206MNSNT500MO
17097,2022,60073BSCLC1741C
17163,2022,62206FLXSY500MO
17031,2022,60455GLDNG7700W
17105,2022,61764RRDNN1600N
17179,2022,61554NCRNC13082
17031,2022,60638WLLMS5241W
17161,2022,61244TLSNR3110M
17091,2022,60914BRMNGRR1BO
17031,2022,60618HFRDY3232N
17031,2022,6050WWLLMS7425W
17031,2022,60076FLPRN7450N
17031,2022,60090TBNSS600DI
17049,2022,6240WDMNML12MCG
17031,2022,60650CHCGX1601S
17043,2022,60101NDRND136CO
17143,2022,61547GLDSC8300W
17089,2022,60504LCTTC969CO
17099,2022,6134WNDPND121EB
17161,2022,61265JHNDR5013R
17031,2022,60609SFTYK1445W
17201,2022,61104JLCLR2300S
17163,2022,62206CCDNT500MO
17167,2022,62707CTYWT3100S
17189,2022,62263LGMCR18355
17019,2022,61802PLNGN2401N
17197,2022,60466MCNTY1000G
17031,2022,60419SFTYK633E1
17031,2022,60411FRDMT1000E
17031,2022,60633FRDMT12600
17197,2022,60410MBLCHI55AR
17143,2022,61641MSDVT71SWA
17091,2022,6090WCMCST775EA
17031,2022,60525NYCPR5332D
17031,2022,60076RSNDN7557S
17199,2022,62959SNLGH19RED
17097,2022,60060CRTRH1551M
17031,2022,60160NCHRP2755W
17201,2022,61104THTST615BU
17089,2022,60506MTLRT1001W
17043,2022,60139HDPCK550MI
17047,2022,6280WCHMPN2SUTH
17047,2022,6280WCHMPN31IND
17019,2022,61821KRFTN1701W
17031,2022,60647RLNDS181NC
17043,2022,60126LPHCR730OA
17099,2022,61354KSCRP6251R
17179,2022,61554XCLLFRR3BO
17031,2022,60411LLBRT400ST
17043,2022,60185SSVKT475IN
17197,2022,60410CLMNC23247
17043,2022,6018WSMPSN255EN
17111,2022,60098RNTZN14600
17187,2022,61462MRHPCNORTH
17201,2022,61101RNTZN1025S
17163,2022,62201TRDWS7MOBI
17089,2022,60510WHTTK1500L
17031,2022,60617CRGLL12201
17031,2022,60650MBLCC3801S
17043,2022,60106LBRFN630EG
17097,2022,60069ZLLWG405BA
17141,2022,61068LLNSR19STE
17085,2022,61085KRFTN300WR
17031,2022,60411STNDR10THW
17155,2022,61327XLNCXRRIBO
17043,2022,6050WMGNTR75ENT
17161,2022,61244JHNDR11001
17031,2022,6013WTHLNC769IN
17031,2022,60411BCNCN2705S
17115,2022,62525CTRPL27THP
17043,2022,60101RLLPR320ST
17073,2022,61443HYSTR2000K
17097,2022,60069NCHLS2SCHE
17031,2022,60120SFTYK1500E
17197,2022,60436LRWYR21233
17019,2022,61801SFTYK500WA
17123,2022,61537THGNCRURAL
17099,2022,61364WNSLL901NS
17189,2022,6225WPRRST1739N
17031,2022,60638THCPH5851W
17073,2022,6143WBGRVR11SE2
17031,2022,60619VRSNC1355E
17031,2022,6070WQCCLL7315W
17031,2022,60534PLRNC7847W
17001,2022,62305THKNP1848W
17141,2022,61010QLTYM4THAN
17031,2022,60411BHRPR270ST
17111,2022,60081SCTFR8001W
17197,2022,60435SLRND2000N
17177,2022,61032SNDST580NH
17031,2022,60480RWLLC10100
17007,2022,61008BLVDR3000W
17031,2022,6061WSPHLT2835E
17031,2022,60131SCTFR9384B
17031,2022,60090SPCTR140EH
17031,2022,60067RLNGT600SO
17093,2022,60545PLNMTRTE34
17097,2022,60060NRTHF1HUNT
17011,2022,61356SCHLG121WR
17031,2022,6040WNRTHF64CAN
17063,2022,6045WNRTHF34EAS
17105,2022,61739PLLSBROUTE
17197,2022,60517CPNCW1121K
17031,2022,60411MDWST475EA
17201,2022,61115CRTSM9917N
17155,2022,6132WMRQSX7531W
17031,2022,60632LMCST3421W
17097,2022,60064BBTTL1400N
17031,2022,60445MGPLT4704W
17097,2022,60031RQTTC1550N
17031,2022,60650WSTTW5243W
17031,2022,60007THRJS701LA
17031,2022,60062RMCLN2926M
17103,2022,6102WPMRFL11EAS
17031,2022,60610NTYMF1260N
17083,2022,6205WMDLND27128
17063,2022,6045WCSTCM732LI
17031,2022,60411CLMBL400EA
17081,2022,62864GNRLTHWY14
17007,2022,61008MDWSTPOBOX
17031,2022,6013WWSMRQ1144W
17183,2022,61832TMMTC115MA
17031,2022,60426NVRTF16435
17033,2022,62454MRTHNMARAT
17079,2022,6244WSKYLN955EA
17001,2022,62301MDWST4901N
17043,2022,60101MXCLH52WIN
17031,2022,6063WKNNYC531W6
17197,2022,6042WDHSVS9411C
17119,2022,62040HDTMN10NOR
17031,2022,60153CHSPR19THS
17043,2022,60187SPRYNNORTH
17097,2022,60085GLDBN515SE
17031,2022,6063WLSMSK2713N
17201,2022,61104GNTCR302PE
17031,2022,60650KPPRS3900S
17037,2022,60115SMTHH345HA
17031,2022,60007CLRLM1950P
17143,2022,61547CTRPL8826W
17111,2022,60098DRBRP1800W
17135,2022,6204WHLLSB1251N
17055,2022,6286WSGRCM11351
17199,2022,6295WWLLMS16468
17031,2022,60131MRCNS3615W
17031,2022,60608RRSTR2353S
17031,2022,60626SCLCT6601N
17179,2022,6155WMLTXC424WE
17031,2022,60525GMCLC9301W
17001,2022,62301TTNWH2701S
17163,2022,62202CRRCPHWY3A
17031,2022,60160MCHTR1635N
17163,2022,62201THYLPMONSA
17089,2022,60110MCWHR400EA
17195,2022,6107WMTLSP82IND
17113,2022,61738MRCNB211EM
17115,2022,62525STLYM2200E
17163,2022,66201GTWYT4PITZ
17121,2022,6280WHWKNS1CAHI
17163,2022,62239VRTXCEASTC
17097,2022,60089PLXSC2400M
17043,2022,60188CNTNR400EN
17183,2022,61834KRPPG100LY
17183,2022,61832THYSS328EV
17197,2022,60423MTCLF401CE
17031,2022,60473NVRSL16655
17073,2022,6123WPTRTR11PAT
17115,2022,62525MLLRC500WE
17115,2022,62526MLLRC1226E
17053,2022,60936CNTRLRT479
17031,2022,60624CLRCM4242W
17085,2022,61025PHNXC16675
17043,2022,60515BLSML2824H
17043,2022,6050WSPCLT115SF
17043,2022,6010WFCMRC31LNG
17043,2022,60188FTBND485EL
17195,2022,61081STRLN101AV
17033,2022,62454CCRBN12187
17019,2022,61821LLYNG17WWA
17031,2022,60623BLLCT2001S
17043,2022,6012WCHMST934NA
17031,2022,60650GTTND4620R
17091,2022,60901RMSTRRT50N
17031,2022,60007VDJTS1855E
17031,2022,60658CRMLS12840
17031,2022,60131NLSNS9400W
17099,2022,61341MRSLL1401B
17119,2022,6204WGTWYN2585E
17031,2022,60131MPRGL10909
17001,2022,62301PRNCMONEPR
17161,2022,6120WSTLWR43581
17179,2022,61554RCNDSCORNE
17201,2022,6111WZNTHC52ZEN
17089,2022,60123LGLYN1565F
17031,2022,60650CTGPT3737S
17141,2022,6106WNPPNS16RIT
17139,2022,61951HYDRG1411H
17031,2022,60627SCDYN13931
17163,2022,6220WPTRND64CLL
17089,2022,60140LCTRM15NRW
17197,2022,60421STPNCRURAL
17201,2022,61111RCKVL1911W
17031,2022,60131BLMNT3410N
17157,2022,62286SPRTN510EM
17097,2022,60044JSSPM1701R
17031,2022,60623MPRHR1615N
17031,2022,60409CDRCY138TH
17197,2022,60439NCLCR135TH
17031,2022,60608MPRHR1537S
17055,2022,62812STHRN45EIL
17089,2022,60101STYDC450SL
17045,2022,6194WGSGRP13217
17031,2022,60104DLTRL3001G
17197,2022,60565BTTRY31W23
17177,2022,61032NCHRH600WE
17021,2022,6256WGSGRP24SSP
17031,2022,60608LSTMR2448W
17021,2022,62510GSGRP14EIL
17097,2022,60031MZRCH3938P
17021,2022,62540KNCDG4MILE
17115,2022,62526DMMSN2100N
17045,2022,6194WGSFCL13111
17001,2022,6230WHBRNG17TUR
17201,2022,61104VKNGC1827E
17097,2022,60064THGLL3500W
17031,2022,6013WJSTMN9233K
17197,2022,60436CLBNC3001C
17019,2022,61821HDSNT342NM
17043,2022,60517CHMPN1840I
17089,2022,60510DYNTR1333N
17119,2022,62084SHLLLRTE11
17089,2022,60505RCKTR705NF
17201,2022,6111WTRDMN1914N
17031,2022,60609TTSNS4545S
17031,2022,60501CRNPR6400A
17031,2022,60609CLNRY4201S
17123,2022,6136WJNMTF31W3R
17001,2022,62306QNCYS1900G
17197,2022,60401DNTCH449WC
17031,2022,60406GWLCT3500W
17177,2022,61048KLBLN3990N
17197,2022,6044WGWLCT35WES
17007,2022,61012CPRNM200BU
17001,2022,62301QDMMR3400W
17031,2022,60409SHLND142ND
17089,2022,60174CTSSC2445P
17031,2022,60164GNRLP135WL
17091,2022,60907GNRLP3200F
17031,2022,60409DYNGLPLUMM
17043,2022,60185GRFFN1920D
17031,2022,60638RSPCK4900S
17031,2022,60007MRTNC2401E
17177,2022,6103WTRSTR611WL
17031,2022,60426LLDTB16100
17025,2022,62839MNWXC14IND
17091,2022,60901THVLS901NO
17031,2022,60430CCRTD1111M
17031,2022,60007FLDCN1500N
17111,2022,60152THVLS1400N
17201,2022,61109SHRWN4472T
17031,2022,60443CHRDW21901
17031,2022,60090NTRPR1991W
17031,2022,60473MCWHR192W1
17201,2022,61108THVLS200SA
17031,2022,60628SHRWN11541
17161,2022,61265MLNPN54002
17031,2022,60411WNSLL12THA
17031,2022,60005MBLLD2312T
17161,2022,61265THGRG12137
17111,2022,60072MRTNT5005B
17031,2022,60195SMNSG2501B
17031,2022,6042WSTRLN51E15
17031,2022,60007PRFNS2300E
17031,2022,60609MNLYL4435S
17197,2022,60435CPNRG10IND
17031,2022,60134PRKNS7025W
17043,2022,60185DVNCD711WI
17031,2022,60633PVSCH12260
17099,2022,61354MRCNNWESTM
17197,2022,60441MBLLL12909
17201,2022,61080PRCBR4416P
17089,2022,6054WBRWSD951IC
17177,2022,61032MCRSWWALNU
17177,2022,61032MCRSW323ES
17099,2022,6134WDMMLL34EAS
17199,2022,62959LNCRPRTE14
17031,2022,60633LFRGN2150E
17001,2022,62301MRMNM1000N
17043,2022,6050WNGNRD3847E
17199,2022,62959LNCRPWOLFC
17031,2022,60658CLBRT3737W
17201,2022,61132PFTRM1351W
17197,2022,6044WLNRDD59TER
17031,2022,60007MGNTC1401G
17031,2022,60131HNTRP9201B
17043,2022,60188DVSML350EK
17063,2022,6045WXSBLL6155E
17163,2022,62221MRSHC1MARS
17197,2022,6046WCNTNN24WES
17031,2022,60629KTLCD4099W
17031,2022,60617HRSHD2701E
17031,2022,60628MSRYC1140E
17097,2022,60087WKGNG10GRE
17199,2022,6295WRCXXX17217
17031,2022,60419BLLGL13850
17179,2022,61550MRTNW7CMME
17031,2022,60090CMMRC1444S
17197,2022,60440QNTMF750SS
17179,2022,6155WBRDLY231DB
17019,2022,61820CLFFRNORTH
17031,2022,60103FLXNC300ED
17031,2022,60426MTLLB17050
17031,2022,60622SPMTL1720E
17197,2022,60436STNGC125CN
17099,2022,61342CNTNN1STAV
17031,2022,60629NBSCB7300S
17089,2022,60538RRNDS1002G
17031,2022,60120HNKLD1345G
17197,2022,60435RHCHMINDUS
17197,2022,60441WLLCN529ER
17197,2022,6044WLDCST78SMA
17063,2022,60450RCHHL7440W
17043,2022,60172CLRKM159NO
17043,2022,6010WCMCRF1361S
17043,2022,60103CMCRF1080M
17163,2022,62220KTTLR264LD
17183,2022,61832TPKNC915NM
17031,2022,60658VNLRC4300W
17031,2022,60007RLLXC800CH
17127,2022,62960LLDSGUSHWY
17037,2022,6011WNTRLP14438
17089,2022,6011WQKRTC1S95N
17197,2022,60468BNNTT515NF
17015,2022,61285STLYMROUTE
17031,2022,6062WKBLRC2945W
17163,2022,62243MWGMN501DO
17031,2022,60008NTLTC1101C
17179,2022,6155WQKRTP1115G
17031,2022,60007NDMCR8SCTT
17089,2022,60177MRBLW502SU
17097,2022,6004WSMLLY555AC
17043,2022,6010WRNMLS55SPI
17031,2022,60627CMSTL13500
17031,2022,60455HYDRS8407S
17003,2022,62914BNGCR304TH
17089,2022,6012WLDCST1375G
17197,2022,60435HNDRC501CA
17097,2022,60060MCLNF1000A
17197,2022,60434MBLJLINTER
17099,2022,61354JMSHR17UNI
17119,2022,62024BRSSM427NS
17015,2022,6128WSPTHM11NEM
17031,2022,60160DSLRD1985J
17119,2022,62024LNCRPLEWIS
17031,2022,60804CRYST2800S
17031,2022,6063WNWLYW414WF
17143,2022,61602RCHRDFOOTO
17031,2022,60624CHCGT4459W
17031,2022,6007WMDLND7733G
17031,2022,60007CHCGC2685U
17091,2022,60901KMDWS235WS
17019,2022,61820DVNCD3206F
17109,2022,61455NTNBW711NO
17179,2022,61554PKNNR1300S
17031,2022,60656STRLN4600N
17031,2022,60090PRCYH430SO
17115,2022,62526DMCRN4666F
17179,2022,61630STPRP600WE
17043,2022,6018WSNDST2555E
17031,2022,60053VNPRD6901G
17143,2022,61639DRSSR2301N
17089,2022,6017WMDWST3865S
17043,2022,60101MGCRC1040A
17031,2022,6017WBLDCS397WE
17103,2022,61021DNLDS815PR
17079,2022,62448VPCNC71EJU
17193,2022,62821YLSTH210SM
17007,2022,61008YNGBR6863I
17175,2022,61491FMCCRHWY17
17125,2022,62664NTNLB900SM
17031,2022,60131LLDDC3021C
17031,2022,6071WFRTDR635WG
17031,2022,60638WRGRC6051W
17103,2022,6102WSGSRF827WP
17163,2022,62205KZCTN2904M
17031,2022,60607NBRTP340NO
17031,2022,60651NBRTP1445N
17031,2022,60638WRGRC6050W
17031,2022,60608MRSCM2857S
17077,2022,6296WPNNLM1117N
17031,2022,60480SHLND8500S
17031,2022,60638DBRTC4700S
17031,2022,60501SHLLC8600W
17161,2022,61242MXXXX22614
17031,2022,6060WNTRSF815WP
17099,2022,61354HNTSM501BR
17031,2022,6016WDLTNB515NR
17031,2022,6063WHLGRC66W73
17031,2022,60411RHDNC12STA
17031,2022,60090NLNDD161CA
17089,2022,60123NVRSL1975F
17163,2022,62260CSTMM700BH
17031,2022,60053TTBLL8200N
17089,2022,60505JBNDS601NF
17119,2022,6204WRGSSP264ES
17031,2022,60501WNSCR5824S
17089,2022,6013WSGRPX288GE
17197,2022,60441BBSNB1354E
17201,2022,61109CHMPR3910L
17031,2022,60439NTCTM15550
17115,2022,6252WVNRTR69EKE
17105,2022,61764CTRPL4HPAR
17183,2022,61834FBRTQ3650S
17119,2022,6204WSTNLL21STN
17031,2022,6080WBRDFT325SU
17031,2022,60438BCHMC2700E
17031,2022,60608NGNRD929WE
17099,2022,6136WHXSNL21SKE
17111,2022,60152NSSNF240NP
17031,2022,60501VNWTR8500W
17031,2022,60007LCNDS1201P
17043,2022,60139JNRCS2WLAK
17031,2022,60525GRYHL561HI
17031,2022,6052WGRYHL48VER
17031,2022,60638GMTHS6100S
17089,2022,6055WPRDCR196BU
17031,2022,6016WCRBTP151N3
17111,2022,60013GNRLP201JA
17005,2022,62246CRLSLHWY40
17111,2022,60050CHRMC3900D
17143,2022,61547LNZNCUSROU
17097,2022,60047HRNNG66NOR
17015,2022,61074PWRLBSHIGH
17089,2022,60174NTDLB32037
17099,2022,61301CRSCH1500E
17091,2022,60914THWWH150MO
17031,2022,60827LRCHN1200W
17031,2022,60632MDWYW4630W
17195,2022,6126WRCKRV9ECMM
17031,2022,60628MPRLS10316
17031,2022,60090CSTMT420NO
17031,2022,60007RCTRN1150P
17031,2022,60623CHCGS1846S
17031,2022,60645CCRTT3550W
17133,2022,62236MZLNC1900W
17097,2022,60064MCCHM2100C
17201,2022,6101WQNTMD755QU
17031,2022,60636MDWST7400S
17155,2022,6132WMRQSN11953
17201,2022,61080THTPD13910
17031,2022,60018RHCRB1633B
17031,2022,60651LLDMT4528W
17031,2022,60633TWRTM1235S
17113,2022,61761DMNDS100ND
17031,2022,60053RGSTC8210N
17031,2022,60164HTMPN75ELA
17201,2022,61109RCKRV51362
17031,2022,6080WNFRMM1191S
17135,2022,62049HXSNL1575S
17031,2022,60411RVRDL220EA
17117,2022,62626PRRFR1100N
17031,2022,6000WCRCTN139LB
17031,2022,60007LKGRV776LU
17031,2022,60007FPMHT1501S
17043,2022,6050WRHNSC15NCM
17031,2022,60007LCTRN27WTU
17031,2022,60638NLCCH6216W
17031,2022,60624CHCGN4112W
17183,2022,61846CLNDSMAPLE
17031,2022,60627RVRDL680WE
17031,2022,6000WCCLRT725NI
17025,2022,62839HLLLC111VI
17097,2022,60030MTRLN333NB
17043,2022,60517DBRNN1123K
17031,2022,60638TBCHM4801S
17203,2022,61738DPNTLRT24E
17031,2022,60609DSLMF4400S
17037,2022,6011WDKLBF1832E
17195,2022,61081DNCRP2001E
17031,2022,60153KRNKM2601G
17201,2022,61104RGRSB2007K
17173,2022,62565PHMFG604SL
17089,2022,60140LGLYS1HAUK
17037,2022,6017WLGLYS356NC
17099,2022,6134WMNDTG448NC
17203,2022,61561PRSNSJUNCT
17089,2022,6050WFXVLL138PI
17043,2022,6019WNXTRF1441W
17031,2022,60193GLLCT1735M
17157,2022,62278SNYDR401RA
17031,2022,60609NCHMC4650S
17017,2022,62618XCLCRRR1BO
17031,2022,60658KSTLN4100W
17119,2022,62040TRCRP12001
17089,2022,60506CMBST625WI
17031,2022,60639CHRLS2645N
17111,2022,60039TCNDSRT31X
17023,2022,62442RWFND147WC
17161,2022,6126WLLDSP61USR
17035,2022,6242WVPCGR1723Y
17099,2022,6130WVKBLM2969C
17111,2022,6001WDRXND19DET
17141,2023,61068STHST100AV
17099,2023,6136WHXSNL21SKE
17135,2023,62049HXSNL1575S
17197,2023,60410DWCHMI55AR
17161,2023,61275SNDST224SM
17001,2023,62301HRRSC3200W
17031,2023,6010WTRLLB91PHE
17043,2023,60139WBSTR704EF
17195,2023,61081DNCRP2001E
17111,2023,60142MDWST11213
17143,2023,61523CHLLC4507E
17161,2023,61254BPNCXHIGHW
17097,2023,6007WBLLRC3PRTE
17163,2023,62240KMPNPPOBOX
17099,2023,61360JHNBW524EU
17031,2023,60153LTHGR2445G
17031,2023,60076KWBTT3555H
17043,2023,60106CRCMN55WMA
17001,2023,62301JMHBR3150G
17029,2023,61920VSVSS955N5
17097,2023,6004WMRCNM28893
17097,2023,6004WMRCNM1342R
17097,2023,6000WSKCHM95ANI
17103,2023,61021RYNRG1101E
17085,2023,6102WTSSND16677
17099,2023,61341TXSGLUSROU
17103,2023,6102WRYNRM2EAST
17111,2023,60102WCNDT821WE
17031,2023,6062WGLBLM2825W
17043,2023,60188KNSCS475RA
17031,2023,60622MLNDN1424N
17195,2023,61252GRKNG18246
17037,2023,60115NHRNG813EL
17031,2023,6080WCCRDC65161
17031,2023,60608HKRMR1359W
17119,2023,62060SPCTRCOLLE
17115,2023,62525DCTRF1745N
17115,2023,62521NTRNT66WIM
17031,2023,60618SWTCH5555N
17179,2023,61550MRTNW7CMME
17179,2023,6155WBRDLY231DB
17043,2023,60188BNNRS494EL
17031,2023,60007PRFNS2200E
17031,2023,60455VNNRM9615S
17031,2023,6060WZNGCH2525A
17031,2023,6063WZNGRD6445S
17031,2023,60616ZNGCH2255S
17031,2023,6001WZNGRD2WJAR
17031,2023,6052WZNGBR55JLI
17031,2023,60614ZNGCH2001N
17031,2023,6013WZNGWV1545W
17031,2023,60638WLLMS5241W
17167,2023,62707SRFRC3101J
17031,2023,60455GLDNG7700W
17167,2023,6270WSLMNC45NCL
17197,2023,60448ZNGLR18825
17053,2023,6093WNRTHN22NRT
17031,2023,6080WZNGRD1266S
17031,2023,60406WCRCH3555W
17197,2023,60544ZNGLRILRTE
17031,2023,60439ZNGLRSTEPH
17197,2023,6043WZNGRD54RAI
17197,2023,6044WZNGRD2587S
17089,2023,6053WZNGRD122SU
17043,2023,60188MYRMT45EST
17037,2023,6017WZNGRD284MA
17197,2023,6041WZNGRD2539W
17097,2023,60044MYRMT3285N
17089,2023,60177MYRMT125SR
17141,2023,61068SLGNC400N1
17197,2023,6049WSRTGF771WC
17111,2023,6015WMRNGY924SR
17111,2023,6005WZNGRD1819D
17111,2023,60071GRDNC5710K
17201,2023,6107WZNGRD4896M
17043,2023,60188GRLNN170TU
17037,2023,6011WZNGRD222CU
17007,2023,6100WZNGRD99ECS
17201,2023,61125PRCSN1111S
17043,2023,60185BLKML1600P
17089,2023,60110MCWHR400EA
17089,2023,60140WRMDWALLEN
17179,2023,6157WBTDMN118MU
17105,2023,60921NCHLSRT24E
17189,2023,62263NSCTNENTER
17043,2023,6050WRHNSC15NCM
17031,2023,60455SGNDC7701W
17031,2023,60607RLBLP1538W
17031,2023,60409DYNGLPLUMM
17031,2023,60090RXSLD634GL
17167,2023,62707CTYWT3100S
17031,2023,60614WSTRN3636N
17031,2023,6016WDYNMC421RA
17031,2023,6016WDYNMC43WMA
17031,2023,60162DYNMC4211W
17197,2023,6041WDVRSF24338
17111,2023,60014JHNCR2931B
17031,2023,6016WDYNMC25NMA
17037,2023,60178SYMRF917CR
17001,2023,62301MDWST4901N
17043,2023,6053WCTSXX4925I
17201,2023,61103SPCLT2801H
17031,2023,60656STRLN4600N
17111,2023,60021GRVPL400AL
17031,2023,6062WRYRSN72E11
17119,2023,62048CNCNC2150S
17163,2023,62206STSTL3300M
17015,2023,6128WSPTHM11NEM
17031,2023,60473GBRLT114E1
17183,2023,61832LBNNCBOX64
17031,2023,60007MTLMP1501O
17117,2023,62069MNNLM415EM
17031,2023,6016WDYNMC181N3
17051,2023,6283WSSRTH11WWA
17031,2023,60104BRGWR700SO
17089,2023,60134BRGSSSOUTH
17021,2023,62510GSGRP14EIL
17045,2023,6194WGSFCL13111
17045,2023,6194WGSGRP13217
17021,2023,6256WGSGRP24SSP
17183,2023,61834LLDSGNO5BR
17119,2023,62040HDTMN10NOR
17197,2023,6044WJRNBR455GI
17119,2023,62002CNGRN145WB
17031,2023,60609RNMNT329WP
17163,2023,62269LNDSN610ES
17023,2023,62441TRWTR902SS
17089,2023,60134NDSTR501FL
17043,2023,60101MRGNH701FA
17031,2023,6013WJSTMN9233K
17179,2023,61554HNNST220HA
17031,2023,60610WTRSV701WE
17179,2023,61550MRTNM4DETR
17179,2023,61550MRTNM1021W
17089,2023,60134BRGSS737PE
17201,2023,61102NRTHR716CE
17111,2023,60014KNCKM420ET
17043,2023,6017WLCTRF35CHA
17031,2023,60018WSTGR1855S
17031,2023,60130DRCNC7400W
17139,2023,6195WBRDRT91WJE
17031,2023,60176CLCND3900W
17037,2023,60178DRVLK114PA
17075,2023,60938NCBRS540EU
17147,2023,61856VBNCR226WE
17043,2023,60101MGCRC1040A
17197,2023,60435HNDRC501CA
17119,2023,62040PRRFR1800A
17031,2023,60411TRLCN900E1
17031,2023,60411PCCHM400E1
17201,2023,6111WWDWRDNEWDW
17019,2023,61802GRDNW601GU
17043,2023,60172LCTRF222WC
17031,2023,60501VNWTR8500W
17043,2023,60191MSTRS890LI
17019,2023,61802PLNGN2401N
17159,2023,62450PRRFR217WE
17031,2023,6063WCRNLL6666W
17161,2023,61244JHNDR11001
17111,2023,60012MTHWS500IN
17099,2023,61350LBBYWCENTE
17097,2023,60085PFNST1219G
17163,2023,62223RHWST1501W
17089,2023,60505JBNDS601NF
17097,2023,60031GLLGH3966M
17073,2023,6123WPTRTR11PAT
17089,2023,60174MRNTM3709O
17199,2023,62959STHRN11543
17031,2023,6080WNFRMM1191S
17097,2023,60085CSMDF1160N
17031,2023,60425DBRCH333W1
17043,2023,60188RGRSC171WS
17157,2023,62233CNGRNWATER
17031,2023,60104GJNKL2830W
17023,2023,62442RWFND147WC
17197,2023,60468BNNTT515NF
17031,2023,60411RVRDL220EA
17097,2023,60099RLNCN1915I
17043,2023,60517DBRNN1123K
17031,2023,60053JHNCR6400W
17031,2023,60056SNPRC1660K
17031,2023,60090NGSCR105HI
17149,2023,62363RCNCXRTE2B
17031,2023,60164DYNBR65EAS
17197,2023,60449STHHL26100
17099,2023,61364STRTR175NS
17043,2023,60439SDRGN9700S
17031,2023,60411CTDFL500ST
17201,2023,61104TSTRC440BL
17197,2023,6044WPRSNX26E17
17091,2023,6090WCMCCT78EAS
17031,2023,60076RGRSM7330N
17031,2023,6005WLFWYF6431A
17089,2023,60142WBRST11811
17043,2023,6051WMRYCR1MREY
17203,2023,61561PRSNSJUNCT
17007,2023,6100WCMCRB2595T
17161,2023,6120WNPRSL42218
17201,2023,61103DNFDS1126K
17031,2023,6043WNXNTR1MAPL
17043,2023,60185NXNTL1860W
17043,2023,60515LVJYN2655W
17143,2023,61641KYSTN7000S
17197,2023,60410CLMNC23247
17197,2023,6040WDTCHM1362D
17201,2023,61109DMNDH3691P
17097,2023,6004WMRGNB34EAS
17089,2023,60510SHPDW900DO
17031,2023,6070WQCCLL7315W
17079,2023,62448VPCNC71EJU
17085,2023,61085KRFTN300WR
17203,2023,61738DPNTLRT24E
17097,2023,60085MDLND17EWA
17097,2023,6008WVCNNT321ND
17179,2023,6155WWNPKH1821R
17105,2023,61364PBDYM1621S
17179,2023,61550PRCLC1651N
17031,2023,60609MRCNN1101W
17083,2023,6205WMDLND27128
17043,2023,60101RNDST381AR
17031,2023,60176MRCNN9515W
17113,2023,61738MRCNB211EM
17091,2023,60915CRWNC1035E
17033,2023,62451LNCLN146N1
17097,2023,6004WGRMRC1275E
17179,2023,61554QKRTS1650S
17031,2023,60411CLMBL400EA
17031,2023,6013WKLNDT114KI
17031,2023,60131SLNVL10500
17031,2023,6013WWSMRQ1144W
17111,2023,6009WVRTQC1592N
17197,2023,60481DWCHM91EKA
17089,2023,60123NVRSL1975F
17197,2023,60436PLLCL1550M
17019,2023,61802LDRCH1302W
17031,2023,60646PRCSN4123W
17031,2023,60632LMCST3421W
17099,2023,61350BRGWRCANAL
17031,2023,60007BLRMN2201L
17001,2023,6230WPRNCG221PR
17001,2023,62305PRNCG4618G
17043,2023,60521MDNSC210WE
17043,2023,60185DVNCD711WI
17063,2023,60450RCHHLCOLLI
17031,2023,60090CMMRC1444S
17031,2023,60445MGPLT4704W
17197,2023,6042WNDRSN255EA
17031,2023,60103FLXNC300ED
17031,2023,60008NTLTC1101C
17031,2023,60007MPLNC925ES
17001,2023,62301MRMNM1000N
17031,2023,60090TBNSS600DI
17043,2023,6000WSNNCH241AM
17015,2023,61046MDLLN15NRC
17115,2023,6252WVNRTR69EKE
17031,2023,6000WCRCTN139LB
17201,2023,61111PRGRS922LA
17031,2023,60007XCLLL2425A
17103,2023,61021LLDLC1088C
17031,2023,60650GRDNR4718R
17043,2023,60504MDWST3737E
17089,2023,60101STYDC450SL
17043,2023,60106LBRFN630EG
17041,2023,61953CBTCRROUTE
17031,2023,60120SFTYK1500E
17031,2023,6050WWLLMS7425W
17043,2023,6018WDSCNT25ENT
17089,2023,6051WDSCNT1789H
17043,2023,60185MTKNT1725W
17031,2023,60160MCHTR1635N
17197,2023,6041WMRCSS26332
17163,2023,62220BLLVL100PR
17111,2023,60152RNLDN300WE
17043,2023,60515RRWGR231CU
17143,2023,61602CSTTC1100S
17031,2023,60411CHCGH211EM
17031,2023,60623CNTRL3200S
17005,2023,6224WFCGRN1USHW
17097,2023,6009WZNNRG9THST
17161,2023,6120WSTLWR43581
17113,2023,61702BRDGSVETER
17045,2023,61944NRTHM2277S
17029,2023,6193WNRTHM351JU
17025,2023,62839NRTHM20IND
17121,2023,62881NRTHM1875W
17109,2023,61455NTNBW711NO
17043,2023,60101BTZLB333SO
17031,2023,60633TWRTM1235S
17177,2023,61032MDRNP701SH
17091,2023,6090WCMCST775EA
17015,2023,6105WDRTMT95SJA
17031,2023,60534PLRNC7847W
17127,2023,62953MSSRPCOUNT
17015,2023,61074MTFRM2551W
17015,2023,61074MTFRM7034I
17201,2023,6101WQNTMD755QU
17097,2023,60085CRLNC135LE
17163,2023,62205KZCTN2904M
17031,2023,60525BVRLC6037L
17043,2023,60185SSVKT475IN
17177,2023,61032SNDST580NH
17031,2023,60445CRWNC471W1
17197,2023,60434GLVNZ625MI
17143,2023,61639DRSSR2301N
17031,2023,60608MPRHR1537S
17201,2023,61104RGRSB2007K
17143,2023,61656NRRHN6718W
17103,2023,61021GLVNZ310EP
17161,2023,6120WRLCXX29295
17031,2023,6082WCNTRB34E13
17031,2023,60480RWLLC10100
17089,2023,60542RRPMP800AI
17031,2023,60411LLBRT400ST
17115,2023,62526DMMSN2100N
17031,2023,60639TMTCS4940W
17007,2023,61008MDWSTPOBOX
17031,2023,60473NVRSL16655
17163,2023,62221MRSHC1MARS
17019,2023,61820CLFFRNORTH
17073,2023,61443PNSTR2006K
17197,2023,60401HRNDS30553
17031,2023,60525PNCXX8400J
17031,2023,60618CNTRY2939N
17121,2023,62801NVRSLOLDRT
17007,2023,61016PSNCM666US
17161,2023,61201RCKSL1321S
17161,2023,6126WRCKSL35169
17031,2023,60419CLMTB14610
17115,2023,62525CTRPL27THP
17141,2023,61068LLNSR19STE
17121,2023,62801SWNCROLDRT
17131,2023,6123WMMFXX82SE1
17095,2023,61401KPPRSHIGHW
17031,2023,60609MNLYL4435S
17091,2023,60914BRMNGRR1BO
17201,2023,6111WRCKFR58IND
17195,2023,61081STRLN101AV
17043,2023,60187SPRYNNORTH
17163,2023,62202CHMTC3500M
17099,2023,61364WNSLL901NS
17043,2023,60185RCNCL675WE
17187,2023,61401HTCNT1721U
17145,2023,62832CBLCTUS51S
17117,2023,62626PRRFR1100N
17201,2023,61109MTHYD471KI
17119,2023,62040PRCTM25NOR
17031,2023,60650MBLCC3801S
17197,2023,60436CHRMC4166M
17119,2023,62040MDWST9KONZ
17197,2023,60439NCLCR135TH
17163,2023,62222SCTTR701HA
17019,2023,61801SFTYK500WA
17097,2023,60089PLXSC2400M
17037,2023,6013WJPLYM61DER
17113,2023,61761DMNDS100ND
17031,2023,60647RLNDS181NC
17163,2023,62243SMNSM410WE
17097,2023,60085GLDBN515SE
17099,2023,6134WMNDTG448NC
17161,2023,61244TLSNR3110M
17031,2023,60062MJRRF455AC
17043,2023,6018WNHNCX1733D
17001,2023,62301PRNCMONEPR
17031,2023,60803DBRTC1271S
17049,2023,6240WFFNGH15HEA
17201,2023,61104GNTCR302PE
17019,2023,61821KRFTN1701W
17119,2023,62249BLNSY509WE
17037,2023,60552DRCST15SGR
17043,2023,60185NSGPR1850W
17097,2023,60030MTRLN333NB
17161,2023,61201PRCSN165FI
17031,2023,60608LSTMR2448W
17097,2023,60030SRGPT301ZI
17031,2023,60160NCHRP2755W
17063,2023,6045WCSTCM732LI
17031,2023,60062RMCLN2926M
17031,2023,60632GLDGL4400S
17031,2023,60638THCPH5851W
17143,2023,61547CTRPL8826W
17019,2023,61821MRTHN511SS
17099,2023,6136WNVBFL614SH
17141,2023,61049SWNSNLINDE
17003,2023,62914BNGCR304TH
17031,2023,60439KSTLC15185
17145,2023,62832HCKSLMILLE
17011,2023,61356SCHLG121WR
17095,2023,61402GTSRBKNOXV
17031,2023,60090SNNYS225CA
17111,2023,60081SCTFR8001W
17119,2023,62040GRNTC20THS
17143,2023,6154WCRNPR831WR
17177,2023,61032KLLYS3769R
17163,2023,62206CCDNT500MO
17049,2023,6240WDMNML12MCG
17119,2023,62249NTRBS1ULTR
17043,2023,60191GMDCS789NC
17031,2023,60162CNDZN4161B
17043,2023,6017WRHTNC41GAR
17155,2023,6132WMRQSX7531W
17197,2023,60439NCLCH317WE
17197,2023,60434MCCHM12MIL
17043,2023,6013WPNTRF14MUI
17201,2023,61132GVTNX1354C
17089,2023,6050WFXVLL138PI
17201,2023,61080PRCBR4416P
17161,2023,61265JHNDR5013R
17031,2023,60007CNCHC1501M
17043,2023,60188DVSML350EK
17123,2023,6136WJNMTF31W3R
17043,2023,6010WDPGMC311LN
17031,2023,60090SPCTR140EH
17197,2023,60435RHCHMINDUS
17031,2023,60007RLLXC800CH
17189,2023,62263GRWMR17815
17109,2023,61422CNTNNRTE9W
17097,2023,60069ZLLWG405BA
17099,2023,61364STRCK1807N
17089,2023,60538RCHST2200R
17031,2023,60007PRFNS2300E
17197,2023,6048WDVNCD611CM
17099,2023,61301LLNSCLIBER
17111,2023,60098RNTZN14600
17201,2023,61101RNTZN1025S
17089,2023,60123MRCNN1500H
17111,2023,60072HNTSM5015B
17063,2023,60450RCHHL7440W
17031,2023,6063WNDPND6226W
17031,2023,60153CHSPR19THS
17099,2023,6134WMRSLL17ARM
17043,2023,60101PRRMT799SR
17097,2023,60064BBTTL1400N
17177,2023,61018BRNRC2034C
17031,2023,60623MPRHR1615N
17031,2023,60018PRRMT385ET
17197,2023,60436RVNCCI55FR
17031,2023,6045WVCNPR761W7
17031,2023,60622PRRMT865NP
17031,2023,60608PRRMT33SCA
17111,2023,60156DVNCD14WAL
17089,2023,6051WVCNPR12511
17089,2023,6012WLGNND11JAN
17043,2023,60101SWDNC910ST
17119,2023,6204WGTWYN2585E
17017,2023,62618KNTFDHWY12
17031,2023,60007PRFCT775MO
17031,2023,6000WCMPND153LU
17031,2023,60622NVRSL1523W
17029,2023,61920THCLT1255N
17199,2023,62959DGRPH5307M
17197,2023,60423NRWDM250IN
17089,2023,60510DYNTR1333N
17197,2023,60436KMLTX4050C
17031,2023,6007WMDLND7733G
17031,2023,60638MTLMT72SNA
17201,2023,61102DLPHN892SO
17143,2023,61607SRFRC2416S
17187,2023,61462MRHPCNORTH
17063,2023,60450SPNGC902AR
17031,2023,60025PRRMT29LDW
17201,2023,61115PRKRH1711N
17089,2023,60118PRRMT56RCK
17179,2023,6155WVCNPR775WB
17195,2023,6107WMTLSP82IND
17183,2023,6183WRGDNV3NAND
17197,2023,6040WVCNPR19515
17015,2023,61074LKYMN64PEN
17197,2023,6042WVCNPR17591
17031,2023,6061WSPHLT2835E
17031,2023,60525NYCPR5332D
17031,2023,60619VRSNC1355E
17019,2023,6182WVCNPR328WS
17113,2023,6170WPRRMT917EA
17031,2023,60131NTDRF3700N
17031,2023,6062WVCNPR95SUT
17031,2023,60633FRDMT12600
17197,2023,60441PRRMT149JL
17097,2023,60061PRRMT12NBU
17031,2023,60429PRRMT122W1
17115,2023,6252WVCNPR8EAST
17141,2023,61061WDSDVR2XXX
17031,2023,60007VDJTS1855E
17091,2023,60901RMSTRRT50N
17043,2023,6010WRNMLS55SPI
17091,2023,60915RMRPHRT50A
17197,2023,60449BMBMFUSRTE
17031,2023,60650KPPRS3900S
17053,2023,60936CNTRLRT479
17063,2023,6045WTRSTT1362B
17031,2023,60131BLMNT3410N
17073,2023,6143WBGRVR11SE2
17139,2023,61911SCHRC217SO
17031,2023,60633WLDDT1855E
17155,2023,61327XLNCXRRIBO
17037,2023,6011WDKLBF1832E
17097,2023,60060CRTRH1551M
17099,2023,6134WNDPND121EB
17177,2023,6103WSTRMN181SI
17043,2023,60143NTNLN16GLE
17201,2023,6110WRCKFR211TE
17141,2023,6106WFRGGR14SMA
17057,2023,61484VRMNT29NMA
17195,2023,6107WLLNSF29ERC
17121,2023,62881RDCBR1015S
17031,2023,60525GMCLC9301W
17119,2023,6204WSTNLL21STN
17197,2023,6046WCNTNN24WES
17097,2023,60031MZRCH3938P
17089,2023,6050WFBRBS138GR
17097,2023,60069NCHLS2SCHE
17043,2023,6051WRXNRD24CUR
17019,2023,61821LLYNG17WWA
17179,2023,61554NCRNC13082
17031,2023,60107LMNMC501EA
17031,2023,60411FRDMT1000E
17093,2023,60545PLNMTRTE34
17111,2023,60071SRGPT5205R
17019,2023,61802MLSCT705EU
17031,2023,60629KTLCD4099W
17031,2023,60650CCRTN3130S
17197,2023,6044WLDCST78SMA
17043,2023,60101RLLPR320ST
17055,2023,62812STHRN45EIL
17031,2023,60408VLVLN8450S
17031,2023,60618HFRDY3232N
17091,2023,60901HNKLCSKENS
17105,2023,61739PLLSBROUTE
17031,2023,60411MDWST475EA
17031,2023,60638RSPCK4900S
17031,2023,60005DSPLN1605A
17097,2023,60060MCLNF1000A
17183,2023,61834FBRTQ3650S
17031,2023,60480SHLND8500S
17031,2023,60067RLNGT600SO
17043,2023,60185HLBLC1400N
17063,2023,6045WNRTHF34EAS
17037,2023,6011WNTRLP14438
17043,2023,6018WBLCHF12NUC
17043,2023,60101NDRND136CO
17031,2023,60076RSNDN7557S
17021,2023,62540KNCDG4MILE
17183,2023,61832TMMTC115MA
17111,2023,60013FLXCN165CH
17031,2023,60411CMBST333ST
17031,2023,60426LLDTB16100
17031,2023,6063WLSMSK2713N
17037,2023,60146TMMSN3835S
17201,2023,61104JLCLR2300S
17043,2023,60185TTSNS711IN
17043,2023,6018WSNDST2555E
17031,2023,60650GTTND4620R
17097,2023,60073BSCLC1741C
17063,2023,6045WXSBLL6155E
17041,2023,61911CHVRH1485S
17119,2023,62040MRCNS1700W
17063,2023,60450QNTMC8805N
17031,2023,60609CLNRY4201S
17043,2023,6019WNVTRN6WHEB
17043,2023,60515BLSML2824H
17103,2023,61021DNLDS815PR
17095,2023,61401NTNLCRTE15
17089,2023,6012WLDCST1375G
17097,2023,60064THGLL3500W
17079,2023,62448MRNCR6725N
17043,2023,6014WKSTRN94WTH
17085,2023,61025PHNXC16675
17031,2023,60620WBCXX8400S
17199,2023,62959SNLGH19RED
17031,2023,60633PVSCH12260
17007,2023,61008YNGBR6863I
17031,2023,60651CHRMM4645W
17031,2023,6071WFRTDR635WG
17055,2023,62896CRWNL11884
17197,2023,60434LCNTYROUTE
17177,2023,61032NCHRH600WE
17031,2023,60650CJSPR3119S
17199,2023,62959LNCRPRTE14
17123,2023,61537THGNCRURAL
17097,2023,60085SGNLC14451
17197,2023,60401DNTCH449WC
17043,2023,6050WMGNTR75ENT
17031,2023,60067HHCHM641SO
17073,2023,61434DXLNC26SW4
17113,2023,6175WLDCST1EDIX
17031,2023,60005BRKND511WA
17197,2023,60436STNGC125CN
17199,2023,62959LNCRPWOLFC
17043,2023,60139HDPCK550MI
17163,2023,6220WPTRND64CLL
17157,2023,62217LLNSP1901B
17163,2023,62206LDCST3414H
17119,2023,62040GRNTC1020N
17001,2023,62301QDMMR3400W
17197,2023,60517CPNCW1121K
17197,2023,60410MBLCHI55AR
17031,2023,60193GLLCT1735M
17099,2023,61354HNTSM501BR
17043,2023,60521NNPHS453CO
17099,2023,61354KSCRP6251R
17031,2023,6013WTHLNC769IN
17001,2023,62305THKNP1848W
17197,2023,60446NNPHS1319M
17107,2023,62656TNCRPRR2XX
17001,2023,6230WHBRNG17TUR
17015,2023,61074PWRLBSHIGH
17197,2023,60565BTTRY31W23
17197,2023,6044WNNPHS4WCRS
17031,2023,60090SGRDH1351S
17099,2023,61341LDCST2658E
17201,2023,61125RCKNL53091
17031,2023,60131MRCNS3615W
17031,2023,60018RHCRB1633B
17001,2023,62306QNCYS1900G
17141,2023,61068FDLFDPOBOX
17043,2023,6050WSPCLT115SF
17107,2023,62634LKHRTELKHA
17031,2023,60608NGNRD929WE
17031,2023,60007NDMCR8SCTT
17201,2023,6110WRSTLM4518T
17201,2023,61104THTST615BU
17031,2023,60007MGNTC1401G
17031,2023,60120HNKLD1345G
17031,2023,60409CDRCY138TH
17143,2023,61641MSDVT71SWA
17029,2023,61938NMTNCEASTR
17161,2023,61256MCKYS4075T
17201,2023,6111WZNTHC52ZEN
17103,2023,6102WPMRFL11EAS
17031,2023,60411BCNCN2705S
17031,2023,6016WDLTNB515NR
17031,2023,60658CRMLS12840
17073,2023,61443HYSTR2000K
17031,2023,60645NYLKC6465P
17141,2023,61010QLTYM4THAN
17033,2023,62454MRTHNMARAT
17031,2023,60076FLPRN7450N
17031,2023,60626SCLCT6601N
17043,2023,6012WCHMST934NA
17031,2023,6000WCCLRT725NI
17031,2023,60131NLSNS9400W
17163,2023,62243MWGMN501DO
17043,2023,60517CHMPN1840I
17043,2023,6018WSMPSN255EN
17031,2023,60062CMDCS3610C
17105,2023,61764CTRPL4HPAR
17031,2023,6016WNVRTC18N25
17179,2023,61630STPRP600WE
17183,2023,61846CLNDSMAPLE
17175,2023,61491FMCCRHWY17
17031,2023,60501CRNPR6400A
17031,2023,60624CLRCM4242W
17031,2023,60131SCTFR9384B
17111,2023,60014GMMFG400SM
17201,2023,6110WTRGTL2433F
17197,2023,60466MCNTY1000G
17183,2023,61832THYSS328EV
17163,2023,62201TRDWS7MOBI
17031,2023,60090LNGDN788TU
17037,2023,6017WLGLYS356NC
17183,2023,61834KRPPG100LY
17089,2023,60123LGLYN1565F
17119,2023,62084SHLLLRTE11
17197,2023,60436LRWYR21233
17197,2023,60487TLSPT8351W
17197,2023,60423MTCLF401CE
17031,2023,60426NVRTF16435
17097,2023,6008WMRCNB355BI
17031,2023,6063WKNNYC531W6
17097,2023,6008WBFLBS1731S
17097,2023,6008WBFBRD1275B
17031,2023,6060WDSLMN4345S
17197,2023,6044WLNRDD59TER
17031,2023,60609DSLMF4400S
17031,2023,60053TTBLL8200N
17031,2023,60104DLTRL3001G
17099,2023,6134WDMMLL34EAS
17031,2023,60426MTLLB17050
17031,2023,60007FLDCN1500N
17121,2023,6280WHWKNS1CAHI
17163,2023,62239VRTXCEASTC
17019,2023,61802FLXNG136EU
17031,2023,60007CLRLM1950P
17201,2023,61115CRTSM9917N
17141,2023,6106WNPPNS16RIT
17031,2023,60623BLLCT2001S
17089,2023,60174SWFTC410KI
17031,2023,60650CTGPT3737S
17089,2023,60504LCTTC969CO
17155,2023,6132WMRQSN11953
17031,2023,60622SPMTL1720E
17043,2023,60188CNTNR400EN
17201,2023,6111WTRDMN1914N
17031,2023,60419BLLGL13850
17031,2023,60193LCTRC1651M
17043,2023,60103CMCRF1080M
17043,2023,6010WCMCRF1361S
17031,2023,60648STMSN7542N
17177,2023,61032MCRSWWALNU
17177,2023,61032MCRSW323ES
17031,2023,6013WPLTNG11142
17031,2023,6062WKBLRC2945W
17135,2023,6204WHLLSB1251N
17055,2023,6286WSGRCM11351
17199,2023,6295WWLLMS16468
17031,2023,60638MPRLP7030W
17031,2023,60627CMSTL13500
17177,2023,61048DKNSN4350W
17163,2023,66201GTWYT4PITZ
17031,2023,60053VNPRD6901G
17015,2023,61285STLYMROUTE
17119,2023,6206WSTLSS2ACCE
17161,2023,61265THGRG12137
17031,2023,6063WHNKLT65W51
17031,2023,60638WRGRC6051W
17031,2023,60658VNLRC4300W
17201,2023,61080CLBNCHWY25
17089,2023,60134JHNSN300SO
17031,2023,60153LKYMN2700S
17105,2023,61764NTHNY1037W
17079,2023,6244WSKYLN955EA
17031,2023,60090PRCYH430SO
17031,2023,60090CSTMT420NO
17097,2023,60060NRTHF1HUNT
17043,2023,6050WNTGRS845EN
17031,2023,6040WNRTHF64CAN
17089,2023,60140LGLYS1HAUK
17163,2023,62201THYLPMONSA
17097,2023,60047HRNNG66NOR
17091,2023,60901NCLCH1400H
17031,2023,60633LFRGN2150E
17099,2023,61354MRCNNWESTM
17031,2023,60411STNDR10THW
17163,2023,62206FLXSY500MO
17163,2023,62206MNSNT500MO
17043,2023,6018WBNRPL15ATL
17001,2023,62301TTNWH2701S
17093,2023,6054WMDWST2326E
17197,2023,6041WLNLCT3835Y
17097,2023,6004WSMLLY555AC
17041,2023,61911CLSSC520E2
17029,2023,61938KLKNFPOBOX
17179,2023,61554XCLLFRR3BO
17143,2023,61547LNZNCUSROU
17031,2023,60439NTCTM15550
17089,2023,60510WHTTK1500L
17201,2023,61072TYLRC750NB
17031,2023,60617CRGLL12201
17197,2023,6058WWLSCH2W135
17031,2023,60627SCDYN13931
17031,2023,60624CHCGT4459W
17031,2023,60658CLBRT3737W
17197,2023,6043WWLSCH86GAR
17197,2023,6042WDHSVS9411C
17097,2023,60044JSSPM1701R
17077,2023,62901TSTPN2200N
17031,2023,60501WNSCR5824S
17163,2023,62220KTTLR264LD
17201,2023,61111RCKVL1911W
17031,2023,60134PRKNS7025W
17197,2023,60421STPNCRURAL
17195,2023,6108WWHLCL29NLC
17195,2023,6108WMCLNM11MAL
17195,2023,61081FRNTZ3201W
17031,2023,60007MRTNC2401E
17113,2023,61701CRGLL115SE
17031,2023,60131HNTRP9201B
17139,2023,61951HYDRG1411H
17089,2023,60510DTPCK1500P
17043,2023,6010WFCMRC31LNG
17201,2023,61104VKNGC1827E
17043,2023,60188FTBND485EL
17031,2023,60628MSRYC1140E
17031,2023,60638NLCCH6216W
17089,2023,60505HRDCR1900P
17111,2023,60072MRTNT5005B
17031,2023,60195SMNSG2501B
17115,2023,62526DMCRN4666F
17119,2023,6206WBNGBN395BI
17179,2023,6155WQKRTP1115G
17031,2023,6063WNWLYW414WF
17025,2023,62839HLLLC111VI
17097,2023,60064MCCHM2100C
17031,2023,6060WNTRSF815WP
17099,2023,61342CNTNN1STAV
17195,2023,6126WRCKRV9ECMM
17077,2023,6296WPNNLM1117N
17031,2023,60658FRSTB13160
17021,2023,62568GSRGP1200E
17033,2023,62454CCRBN12187
17089,2023,60538RRNDS1002G
17063,2023,60450KZCHMTABLE
17043,2023,6019WNXTRF1441W
17133,2023,62236MZLNC1900W
17031,2023,60608RRSTR2353S
17089,2023,60177MRBLW502SU
17119,2023,62024LNCRPSHAMR
17197,2023,60436CLBNC3001C
17031,2023,6016WCRBTP151N3
17043,2023,60185CLRTL530IN
17111,2023,6007WMCLNF56WIB
17179,2023,6155WMLTXC424WE
17031,2023,60409SHLND142ND
17103,2023,6102WSGSRF827WP
17199,2023,6295WRCXXX17217
17031,2023,60623MYRST2000S
17141,2023,61061BRDNNWHITE
17201,2023,61132PFTRM1351W
17031,2023,60636MDWST7400S
17043,2023,60139JNRCS2WLAK
17197,2023,6044WGWLCT35WES
17197,2023,60434MBLJLINTER
17111,2023,60152NSSNF240NP
17031,2023,6063WHLGRC66W73
17031,2023,60473MCWHR192W1
17031,2023,60430CCRTD1111M
17031,2023,60090NTRPR1991W
17111,2023,60152THVLS1400N
17031,2023,60443CHRDW21901
17025,2023,62839MNWXC14IND
17201,2023,61109SHRWN4472T
17031,2023,60628SHRWN11541
17161,2023,61265MLNPN54002
17201,2023,61108THVLS200SA
17031,2023,60411BHRPR270ST
17031,2023,60609CDPRD6W41S
17031,2023,60455HYDRS8407S
17031,2023,60610NTYMF1260N
17031,2023,60617HRSHD2701E
17125,2023,62664NTNLB900SM
17201,2023,61109CHMPR3910L
17089,2023,6055WPRDCR196BU
17031,2023,60628MPRLS10316
17031,2023,60651LLDMT4528W
17043,2023,60172CLRKM159NO
17043,2023,6050WNGNRD3847E
17031,2023,6017WBLDCS397WE
17111,2023,60098DRBRP1800W
17091,2023,60907GNRLP3200F
17197,2023,60440QNTMF750SS
17031,2023,60164GNRLP135WL
17005,2023,62246CRLSLHWY40
17031,2023,60053RGSTC8210N
17111,2023,60180TCHLLOLSON
17143,2023,61602RCHRDFOOTO
17031,2023,60007CHCGC2685U
17043,2023,60126LPHCR730OA
17119,2023,62040TRCRP12001
17031,2023,60501SHLLC8600W
17131,2023,61231MMNGR217SE
17177,2023,61048KLBLN3990N
17119,2023,6204WRGSSP264ES
17031,2023,60007FPMHT1501S
17127,2023,62960LLDSGUSHWY
17031,2023,6000WCHMPL18TUH
17031,2023,60007PNDST1250M
17157,2023,62286SPRTN510EM
17031,2023,60007CHMPL1990E
17089,2023,6011WQKRTC1S95N
17189,2023,6225WPRRST1739N
17031,2023,6009WTHSGR385GI
17031,2023,60007HSNRH670GR
17031,2023,60608MRSCM2857S
17031,2023,60609SFTYK1445W
17031,2023,60419SFTYK633E1
17091,2023,60901DYTNS2150B
17031,2023,60638DBRTC4700S
17031,2023,60623CHCGS1846S
17145,2023,62832LLNSM1135I
17179,2023,61554RCNDSCORNE
17043,2023,60185GRFFN1920D
17031,2023,60090WLNDM567NO
17097,2023,60031RQTTC1550N
17081,2023,62864GNRLTHWY14
17019,2023,61820DVNCD3206F
17201,2023,61109JMPLT4500K
17037,2023,60115SMTHH345HA
17143,2023,61547GLDSC8300W
17007,2023,61012CPRNM200BU
17031,2023,60131LLDDC3021C
17203,2023,61742DMXXXPOBOX
17031,2023,60827LRCHN1200W
17031,2023,60202CNHFF221LE
17031,2023,60090NLNDD161CA
17031,2023,60007RCTRN1150P
17031,2023,60638GMTHS6100S
17197,2023,6044WLCKPR351SU
17019,2023,61821HDSNT342NM
17031,2023,60438BCHMC2700E
17115,2023,62526MLLRC1226E
17119,2023,62024LNCRPLEWIS
17111,2023,60013GNRLP201JA
17119,2023,62024BRSSM427NS
17163,2023,62202CRRCPHWY3A
17031,2023,60609TTSNS4545S
17119,2023,62048CLRKLHAWTH
17031,2023,6052WVPKNC5321D
17091,2023,60901THVLS901NO
17115,2023,62525MLLRC500WE
17031,2023,60638TBCHM4801S
17161,2023,61242MXXXX22614
17179,2023,61554PKNNR1300S
17115,2023,62525STLYM2200E
17031,2023,60406GWLCT3500W
17091,2023,60901KMDWS235WS
17161,2023,61265WLLMS6003R
17193,2023,62821YLSTH210SM
17031,2023,60160DSLRD1985J
17031,2023,6052WGRYHL48VER
17089,2023,60140LCTRM15NRW
17031,2023,60525GRYHL561HI
17197,2023,60435CPNRG10IND
17177,2023,6103WTRSTR611WL
17183,2023,61832TPKNC915NM
17115,2023,6252WMLLRX2675N
17031,2023,60411RHDNC12STA
17031,2023,60007THRJS701LA
17031,2023,60645CCRTT3550W
17119,2023,62002LCLDSCUTST
17099,2023,61301CRSCH1500E
17031,2023,60629NBSCB7300S
17031,2023,60007LCTRN27WTU
17089,2023,6013WSGRPX288GE
17099,2023,61354JMSHR17UNI
17031,2023,60007MTRNC2001L
17031,2023,60632MDWYW4630W
17047,2023,6280WCHMPN2SUTH
17197,2023,60449TRTNM5700T
17047,2023,6280WCHMPN31IND
17037,2023,6011WNFDWR338WU
17089,2023,60174NTDLB32037
17031,2023,60153KRNKM2601G
17163,2023,62201GNRLC2500K
17031,2023,6080WBRDFT325SU
17197,2023,60441BBSNB1354E
17031,2023,60131MPRGL10909
17089,2023,60554FNSHSWHEEL
17201,2023,61080THTPD13910
17089,2023,60174CTSSC2445P
17031,2023,60638WRGRC6050W
17043,2023,6051WFLVRC15151
17031,2023,60804CRYST2800S
17031,2023,60164HTMPN75ELA
17031,2023,60607NBRTP340NO
17031,2023,60651NBRTP1445N
17201,2023,61104HLDXB22221
17201,2023,61109RCKRV51362
17031,2023,60650WSTTW5243W
17043,2023,60007SPCLT25002
17031,2023,6016WFRGDF11631
17197,2023,60435SLRND2000N
17031,2023,60007LCNDS1201P
17157,2023,62278SNYDR401RA
17031,2023,60609NCHMC4650S
17145,2023,62274GSMTL3764L
17031,2023,60106DCRGR1077S
17189,2023,62263LGMCR18355
17043,2023,6018WNTPRF795KI
17031,2023,60007LKGRV776LU
17031,2023,60638THSTH7201W
17031,2023,60658KSTLN4100W
17017,2023,62618XCLCRRR1BO
17099,2023,61354WHMZC100SO
17089,2023,60506CMBST625WI
17089,2023,6054WBRWSD951IC
17031,2023,60639CHRLS2645N
17111,2023,60039TCNDSRT31X
17199,2023,6295WSPMRN45PRI
17137,2023,62650MBLCH500ES
17161,2023,6126WLLDSP61USR
17201,2023,61103NGRSL707FU
17089,2023,6017WMDWST3865S
17037,2023,6017WDLNDS18SPR
17035,2023,6242WVPCGR1723Y
17099,2023,6130WVKBLM2969C
17031,2023,60624CHCGN4112W
17031,2023,60627RVRDL680WE
17111,2023,6001WDRXND19DET
